ticker,date,away_team,home_team,away_code,home_code,network,time,play_by_play,color_commentator
KXNBAMENTION-25OCT21HOUOKC,2025-10-21,Houston,Oklahoma City,HOU,OKC,NBC,7:30 PM ET,Mike Tirico,Reggie Miller
KXNBAMENTION-25OCT21GSWLAL,2025-10-21,Golden State,LA Lakers,GSW,LAL,NBC,10:00 PM ET,Noah Eagle,Grant Hill
KXNBAMENTION-25OCT22CLENYK,2025-10-22,Cleveland,New York,CLE,NYK,ESPN,7:00 PM ET,Mike Breen,Richard Jefferson
KXNBAMENTION-25OCT22SASDAL,2025-10-22,San Antonio,Dallas,SAS,DAL,ESPN,9:30 PM ET,Ryan Ruocco,Jay Bilas
KXNBAMENTION-25OCT23OKCIND,2025-10-23,Oklahoma City,Indiana,OKC,IND,ESPN,7:30 PM ET,Mike Breen,Richard Jefferson
KXNBAMENTION-25OCT23DENGSW,2025-10-23,Denver,Golden State,DEN,GSW,ESPN,10:00 PM ET,Dave Pasch,Doris Burke
KXNBAMENTION-25OCT24BOSNYK,2025-10-24,Boston,New York,BOS,NYK,Amazon,7:30 PM ET,Ian Eagle,Stan Van Gundy
KXNBAMENTION-25OCT24MINLAL,2025-10-24,Minnesota,LA Lakers,MIN,LAL,Amazon,10:00 PM ET,Kevin Harlan,Candace Parker
KXNBAMENTION-25OCT27CLEDET,2025-10-27,Cleveland,Detroit,CLE,DET,Peacock,7:00 PM ET,Noah Eagle,Robbie Hummel
KXNBAMENTION-25OCT27DENMIN,2025-10-27,Denver,Minnesota,DEN,MIN,Peacock,9:30 PM ET,Michael Grady,Grant Hill
KXNBAMENTION-25OCT28NYKMIL,2025-10-28,New York,Milwaukee,NYK,MIL,NBC (🔴 on map)Peacock,8:00 PM ET,Mike Tirico,Reggie Miller
KXNBAMENTION-25OCT28LACGSW,2025-10-28,LA Clippers,Golden State,LAC,GSW,NBC (🔵 on map)Peacock,11:00 PM ET,Terry Gannon,Grant Hill
KXNBAMENTION-25OCT29CLEBOS,2025-10-29,Cleveland,Boston,CLE,BOS,ESPN,7:00 PM ET,Dave Pasch,Doris Burke
KXNBAMENTION-25OCT29LALMIN,2025-10-29,LA Lakers,Minnesota,LAL,MIN,ESPN,9:30 PM ET,Mike Breen,Richard Jefferson
KXNBAMENTION-25NOV03MINBKN,2025-11-03,Minnesota,Brooklyn,MIN,BKN,Peacock,7:00 PM ET,Noah Eagle,Robbie Hummel
KXNBAMENTION-25NOV04ORLATL,2025-11-04,Orlando,Atlanta,ORL,ATL,NBC (🔴 on map)Peacock,8:00 PM ET,Michael Grady,Jamal Crawford
KXNBAMENTION-25NOV04OKCLAC,2025-11-04,Oklahoma City,LA Clippers,OKC,LAC,NBC (🔵 on map)Peacock,11:00 PM ET,Terry Gannon,Reggie Miller
KXNBAMENTION-25NOV05MINNYK,2025-11-05,Minnesota,New York,MIN,NYK,ESPN,7:30 PM ET,Dave Pasch,Doris Burke
KXNBAMENTION-25NOV05SASLAL,2025-11-05,San Antonio,LA Lakers,SAS,LAL,ESPN,10:00 PM ET,Mike Breen,Richard Jefferson
KXNBAMENTION-25NOV08PHXLAC,2025-11-08,Phoenix,LA Clippers,PHX,LAC,ESPN,10:30 PM ET,Ryan Ruocco,Doris Burke
KXNBAMENTION-25NOV10WASDET,2025-11-10,Washington,Detroit,WAS,DET,Peacock,7:00 PM ET,Michael Grady,Robbie Hummel
KXNBAMENTION-25NOV11BOSPHI,2025-11-11,Boston,Philadelphia,BOS,PHI,NBC (🔴 on map)Peacock,8:00 PM ET,Mike Tirico,Reggie Miller
KXNBAMENTION-25NOV11DENSAC,2025-11-11,Denver,Sacramento,DEN,SAC,NBC (🔵 on map)Peacock,11:00 PM ET,Terry Gannon,Jamal Crawford
KXNBAMENTION-25NOV12ORLNYK,2025-11-12,Orlando,New York,ORL,NYK,ESPN,7:00 PM ET,Dave Pasch,Doris Burke
KXNBAMENTION-25NOV12LALOKC,2025-11-12,LA Lakers,Oklahoma City,LAL,OKC,ESPN,9:30 PM ET,Mike Breen,Richard Jefferson
KXNBAMENTION-25NOV17MILCLE,2025-11-17,Milwaukee,Cleveland,MIL,CLE,Peacock / NBCSN,7:00 PM ET,Michael Grady,Robbie Hummel
KXNBAMENTION-25NOV18SASMEM,2025-11-18,San Antonio,Memphis,SAS,MEM,NBC (🔴 on map)Peacock,8:00 PM ET,Noah Eagle,Reggie Miller
KXNBAMENTION-25NOV18PHXPOR,2025-11-18,Phoenix,Portland,PHX,POR,NBC (🔵 on map)Peacock,11:00 PM ET,Terry Gannon,Derek Fisher
KXNBAMENTION-25NOV19HOUCLE,2025-11-19,Houston,Cleveland,HOU,CLE,ESPN,7:00 PM ET,Mark Jones,Doris Burke
KXNBAMENTION-25NOV19NYKDAL,2025-11-19,New York,Dallas,NYK,DAL,ESPN,9:30 PM ET,Mike Breen,Richard Jefferson
KXNBAMENTION-25NOV24CLETOR,2025-11-24,Cleveland,Toronto,CLE,TOR,Peacock / NBCSN,7:00 PM ET,Mark Followill,Derek Fisher
KXNBAMENTION-25NOV24HOUPHX,2025-11-24,Houston,Phoenix,HOU,PHX,Peacock / NBCSN,9:30 PM ET,Michael Grady,Robbie Hummel
KXNBAMENTION-25DEC01CHIORL,2025-12-01,Chicago,Orlando,CHI,ORL,Peacock / NBCSN,7:00 PM ET,Michael Grady,Vince Carter
KXNBAMENTION-25DEC01PHXLAL,2025-12-01,Phoenix,LA Lakers,PHX,LAL,Peacock / NBCSN,9:30 PM ET,Noah Eagle,Robbie Hummel
KXNBAMENTION-25DEC02NYKBOS,2025-12-02,New York,Boston,NYK,BOS,NBC (🔴 on map)Peacock,8:00 PM ET,Mike Tirico,Reggie Miller
KXNBAMENTION-25DEC02OKCGSW,2025-12-02,Oklahoma City,Golden State,OKC,GSW,NBC (🔵 on map)Peacock,11:00 PM ET,Terry Gannon,Jamal Crawford
KXNBAMENTION-25DEC05LALBOS,2025-12-05,LA Lakers,Boston,LAL,BOS,Amazon,7:00 PM ET,Ian Eagle,Stan Van Gundy
KXNBAMENTION-25DEC05DALOKC,2025-12-05,Dallas,Oklahoma City,DAL,OKC,Amazon,9:30 PM ET,Michael Grady,Brent Barry
KXNBAMENTION-25DEC08PHXMIN,2025-12-08,Phoenix,Minnesota,PHX,MIN,Peacock / NBCSN,7:30 PM ET,Noah Eagle,Robbie Hummel
KXNBAMENTION-25DEC15DETBOS,2025-12-15,Detroit,Boston,DET,BOS,Peacock / NBCSN,7:00 PM ET,Noah Eagle,Robbie Hummel
KXNBAMENTION-25DEC15HOUDEN,2025-12-15,Houston,Denver,HOU,DEN,Peacock / NBCSN,9:30 PM ET,Michael Grady,Vince Carter
KXNBAMENTION-25DEC19PHINYK,2025-12-19,Philadelphia,New York,PHI,NYK,Amazon,7:00 PM ET,Ian Eagle,Stan Van Gundy
KXNBAMENTION-25DEC19OKCMIN,2025-12-19,Oklahoma City,Minnesota,OKC,MIN,Amazon,9:30 PM ET,Michael Grady,Brent Barry
KXNBAMENTION-25DEC22CHACLE,2025-12-22,Charlotte,Cleveland,CHA,CLE,Peacock / NBCSN,7:00 PM ET,Michael Grady,Robbie Hummel
KXNBAMENTION-25DEC22MEMOKC,2025-12-22,Memphis,Oklahoma City,MEM,OKC,Peacock / NBCSN,9:30 PM ET,Mark Followill,Grant Hill
KXNBAMENTION-25DEC23DENDAL,2025-12-23,Denver,Dallas,DEN,DAL,NBC,8:00 PM ET,Mike Tirico,Jamal Crawford
KXNBAMENTION-25DEC23HOULAC,2025-12-23,Houston,LA Clippers,HOU,LAC,NBC,10:30 PM ET,Terry Gannon,Reggie Miller
KXNBAMENTION-25DEC25CLENYK,2025-12-25,Cleveland,New York,CLE,NYK,ABC / ESPN,12:00 PM ET,Ryan Ruocco,Doris Burke
KXNBAMENTION-25DEC25SASOKC,2025-12-25,San Antonio,Oklahoma City,SAS,OKC,ABC / ESPN,2:30 PMET,Mark Jones,Jay Bilas
KXNBAMENTION-25DEC25DALGSW,2025-12-25,Dallas,Golden State,DAL,GSW,ABC / ESPN,5:00 PM ET,Dave Pasch,P.J. Carlesimo
KXNBAMENTION-25DEC25HOULAL,2025-12-25,Houston,LA Lakers,HOU,LAL,ABC / ESPN,8:00 PM ET,Mike Breen,Richard Jefferson
KXNBAMENTION-25DEC25MINDEN,2025-12-25,Minnesota,Denver,MIN,DEN,ABC / ESPN,10:30 PM ET,Marc Kestecher,Stephanie White
KXNBAMENTION-25DEC26PHICHI,2025-12-26,Philadelphia,Chicago,PHI,CHI,Amazon,7:00 PM ET,Ian Eagle,Stan Van Gundy
KXNBAMENTION-25DEC26LACPOR,2025-12-26,LA Clippers,Portland,LAC,POR,Amazon,9:30 PM ET,Michael Grady,Jim Jackson
KXNBAMENTION-25DEC29CLESAS,2025-12-29,Cleveland,San Antonio,CLE,SAS,NBC,8:00 PM ET,Michael Grady,Grant Hill
KXNBAMENTION-25DEC29DALPOR,2025-12-29,Dallas,Portland,DAL,POR,NBC,10:30 PM ET,Terry Gannon,Jamal Crawford
KXNBAMENTION-25DEC30PHIMEM,2025-12-30,Philadelphia,Memphis,PHI,MEM,NBC,8:00 PM ET,Noah Eagle,Robbie Hummel
KXNBAMENTION-25DEC30DETLAL,2025-12-30,Detroit,LA Lakers,DET,LAL,NBC,10:30 PM ET,Terry Gannon,Reggie Miller
KXNBAMENTION-26JAN02DENCLE,2026-01-02,Denver,Cleveland,DEN,CLE,Amazon,7:30 PM ET,Ian Eagle,Stan Van Gundy
KXNBAMENTION-26JAN02OKCGSW,2026-01-02,Oklahoma City,Golden State,OKC,GSW,Amazon,10:00 PM ET,Kevin Harlan,Brent Barry
KXNBAMENTION-26JAN05NYKDET,2026-01-05,New York,Detroit,NYK,DET,Peacock / NBCSN,7:00 PM ET,Kate Scott,Grant Hill
KXNBAMENTION-26JAN05DENPHI,2026-01-05,Denver,Philadelphia,DEN,PHI,Peacock,8:30 PM ET,Noah Eagle,Robbie Hummel
KXNBAMENTION-26JAN05GSWLAC,2026-01-05,Golden State,LA Clippers,GSW,LAC,Peacock / NBCSN,10:30 PM ET,Terry Gannon,Reggie Miller
KXNBAMENTION-26JAN06MIAMIN,2026-01-06,Miami,Minnesota,MIA,MIN,NBC (🔴 on map)Peacock,8:00 PM ET,Noah Eagle,Jamal Crawford
KXNBAMENTION-26JAN06DALSAC,2026-01-06,Dallas,Sacramento,DAL,SAC,NBC (🔵 on map)Peacock,11:00 PM ET,Michael Grady,Derek Fisher
KXNBAMENTION-26JAN07DENBOS,2026-01-07,Denver,Boston,DEN,BOS,ESPN,7:00 PM ET,Dave Pasch,Doris Burke
KXNBAMENTION-26JAN07LALSAS,2026-01-07,LA Lakers,San Antonio,LAL,SAS,ESPN,9:30 PM ET,Mike Breen,Richard Jefferson
KXNBAMENTION-26JAN10MINCLE,2026-01-10,Minnesota,Cleveland,MIN,CLE,Amazon,1:00 PM ET,Eric Collins,Stan Van Gundy
KXNBAMENTION-26JAN12BOSIND,2026-01-12,Boston,Indiana,BOS,IND,Peacock / NBCSN,7:30 PM ET,Michael Grady,Robbie Hummel
KXNBAMENTION-26JAN13SASOKC,2026-01-13,San Antonio,Oklahoma City,SAS,OKC,NBC (🔴 on map)Peacock,8:00 PM ET,Noah Eagle,Reggie Miller
KXNBAMENTION-26JAN13PORGSW,2026-01-13,Portland,Golden State,POR,GSW,NBC (🔵 on map)Peacock,11:00 PM ET,Terry Gannon,Jamal Crawford
KXNBAMENTION-26JAN14CLEPHI,2026-01-14,Cleveland,Philadelphia,CLE,PHI,ESPN,7:00 PM ET,Mark Jones,Tim Legler
KXNBAMENTION-26JAN14DENDAL,2026-01-14,Denver,Dallas,DEN,DAL,ESPN,9:30 PM ET,Mike Breen,Richard Jefferson
KXNBAMENTION-26JAN15OKCHOU,2026-01-15,Oklahoma City,Houston,OKC,HOU,Amazon,7:30 PM ET,Kevin Harlan,Jim Jackson
KXNBAMENTION-26JAN15NYKGSW,2026-01-15,New York,Golden State,NYK,GSW,Amazon,10:00 PM ET,Ian Eagle,Stan Van Gundy
KXNBAMENTION-26JAN16CLEPHI,2026-01-16,Cleveland,Philadelphia,CLE,PHI,ESPN,7:00 PM ET,Ryan Ruocco,Tim Legler
KXNBAMENTION-26JAN16MINHOU,2026-01-16,Minnesota,Houston,MIN,HOU,ESPN,9:30 PM ET,Dave Pasch,Doris Burke
KXNBAMENTION-26JAN19OKCCLE,2026-01-19,Oklahoma City,Cleveland,OKC,CLE,NBC,2:30 PM ET,Noah Eagle,Grant Hill
KXNBAMENTION-26JAN19MILATL,2026-01-19,Milwaukee,Atlanta,MIL,ATL,Peacock / NBCSN,1:00 PM ET,Mark Followill,Austin Rivers
KXNBAMENTION-26JAN19BOSDET,2026-01-19,Boston,Detroit,BOS,DET,NBC,8:00 PM ET,Terry Gannon,Robbie Hummel
KXNBAMENTION-26JAN19DALNYK,2026-01-19,Dallas,New York,DAL,NYK,NBC,5:00 PM ET,Mike Tirico,Reggie Miller
KXNBAMENTION-26JAN20SASHOU,2026-01-20,San Antonio,Houston,SAS,HOU,NBC (🔴 on map)Peacock,8:00 PM ET,Noah Eagle,Grant Hill
KXNBAMENTION-26JAN20LALDEN,2026-01-20,LA Lakers,Denver,LAL,DEN,NBC (🔵 on map)Peacock,10:00 PM ET,Michael Grady,Jamal Crawford
KXNBAMENTION-26JAN21CLECHA,2026-01-21,Cleveland,Charlotte,CLE,CHA,ESPN,7:00 PM ET,Mike Breen,Richard Jefferson
KXNBAMENTION-26JAN21OKCMIL,2026-01-21,Oklahoma City,Milwaukee,OKC,MIL,ESPN,9:30 PM ET,Dave Pasch,Doris Burke
KXNBAMENTION-26JAN22GSWDAL,2026-01-22,Golden State,Dallas,GSW,DAL,Amazon,7:30 PM ET,Ian Eagle,Brent Barry
KXNBAMENTION-26JAN22LALLAC,2026-01-22,LA Lakers,LA Clippers,LAL,LAC,Amazon,10:00 PM ET,Kevin Harlan,Candace Parker
KXNBAMENTION-26JAN23HOUDET,2026-01-23,Houston,Detroit,HOU,DET,Amazon,7:00 PM ET,Michael Grady,Stan Van Gundy
KXNBAMENTION-26JAN23DENMIL,2026-01-23,Denver,Milwaukee,DEN,MIL,Amazon,9:30 PM ET,Eric Collins,Brent Barry
KXNBAMENTION-26JAN24NYKPHI,2026-01-24,New York,Philadelphia,NYK,PHI,ABC,3:00 PM ET,Ryan Ruocco,PJ Carlesimo
KXNBAMENTION-26JAN24LALDAL,2026-01-24,LA Lakers,Dallas,LAL,DAL,ABC,8:30 PM ET,Mark Jones,Richard Jefferson
KXNBAMENTION-26JAN26ORLCLE,2026-01-26,Orlando,Cleveland,ORL,CLE,Peacock / NBCSN,7:00 PM ET,John Michael,Brad Daugherty
KXNBAMENTION-26JAN26PORBOS,2026-01-26,Portland,Boston,POR,BOS,Peacock,8:00 PM ET,Noah Eagle,Grant Hill
KXNBAMENTION-26JAN26GSWMIN,2026-01-26,Golden State,Minnesota,GSW,MIN,Peacock / NBCSN,9:30 PM ET,Michael Grady,Robbie Hummel
KXNBAMENTION-26JAN27MILPHI,2026-01-27,Milwaukee,Philadelphia,MIL,PHI,NBC (🔴 on map)Peacock,8:00 PM ET,Noah Eagle,Reggie Miller
KXNBAMENTION-26JAN27LACUTA,2026-01-27,LA Clippers,Utah,LAC,UTA,NBC (🔵 on map)Peacock,10:00 PM ET,Mark Followill,Jamal Crawford
KXNBAMENTION-26JAN28LALCLE,2026-01-28,LA Lakers,Cleveland,LAL,CLE,ESPN,7:00 PM ET,Mike Breen,Richard Jefferson
KXNBAMENTION-26JAN28SASHOU,2026-01-28,San Antonio,Houston,SAS,HOU,ESPN,9:30 PM ET,Dave Pasch,Doris Burke
KXNBAMENTION-26JAN29MILWAS,2026-01-29,Milwaukee,Washington,MIL,WAS,Amazon,7:00 PM ET,Kevin Harlan,Dell Curry
KXNBAMENTION-26JAN29OKCMIN,2026-01-29,Oklahoma City,Minnesota,OKC,MIN,Amazon,9:30 PM ET,Ian Eagle,Steve Nash
KXNBAMENTION-26JAN30TORORL,2026-01-30,Toronto,Orlando,TOR,ORL,ESPN,7:30 PM ET,Mark Jones,Stephanie White
KXNBAMENTION-26JAN30DETGSW,2026-01-30,Detroit,Golden State,DET,GSW,ESPN,10:00 PM ET,Ryan Ruocco,Doris Burke
KXNBAMENTION-26JAN31SASCHA,2026-01-31,San Antonio,Charlotte,SAS,CHA,Amazon,12:00 PM ET,Eric Collins,Dell Curry
KXNBAMENTION-26JAN31DALHOU,2026-01-31,Dallas,Houston,DAL,HOU,ABC,8:30 PM ET,Mike Breen,Tim Legler
KXNBAMENTION-26FEB01MILBOS,2026-02-01,Milwaukee,Boston,MIL,BOS,ESPN,3:30 PM ET,Mark Jones,Richard Jefferson
KXNBAMENTION-26FEB01LALNYK,2026-02-01,LA Lakers,New York,LAL,NYK,NBC,7:00 PM ET,Mike Tirico,Jamal Crawford
KXNBAMENTION-26FEB01OKCDEN,2026-02-01,Oklahoma City,Denver,OKC,DEN,NBC,9:30 PM ET,Noah Eagle,Grant Hill
KXNBAMENTION-26FEB02MINMEM,2026-02-02,Minnesota,Memphis,MIN,MEM,Peacock / NBCSN,7:30 PM ET,Mark Followill,Robbie Hummel
KXNBAMENTION-26FEB02PHILAC,2026-02-02,Philadelphia,LA Clippers,PHI,LAC,Peacock / NBCSN,10:00 PM ET,Michael Grady,Grant Hill
KXNBAMENTION-26FEB03BOSDAL,2026-02-03,Boston,Dallas,BOS,DAL,NBC (🔴 on map)Peacock,8:00 PM ET,Noah Eagle,Reggie Miller
KXNBAMENTION-26FEB03PHXPOR,2026-02-03,Phoenix,Portland,PHX,POR,NBC (🔵 on map)Peacock,11:00 PM ET,Michael Grady,Brad Daugherty
KXNBAMENTION-26FEB04DENNYK,2026-02-04,Denver,New York,DEN,NYK,ESPN,7:00 PM ET,Dave Pasch,Jay Bilas
KXNBAMENTION-26FEB04OKCSAS,2026-02-04,Oklahoma City,San Antonio,OKC,SAS,ESPN,9:30 PM ET,Mike Breen,Richard Jefferson
KXNBAMENTION-26FEB05CHITOR,2026-02-05,Chicago,Toronto,CHI,TOR,Amazon,7:30 PM ET,Michael Grady,Dell Curry
KXNBAMENTION-26FEB05GSWPHX,2026-02-05,Golden State,Phoenix,GSW,PHX,Amazon,10:00 PM ET,Kevin Harlan,Brent Barry
KXNBAMENTION-26FEB06NYKDET,2026-02-06,New York,Detroit,NYK,DET,Amazon,7:30 PM ET,Ian Eagle,Stan Van Gundy
KXNBAMENTION-26FEB06LACSAC,2026-02-06,LA Clippers,Sacramento,LAC,SAC,Amazon,10:00 PM ET,Eric Collins,Brent Barry
KXNBAMENTION-26FEB07DALSAS,2026-02-07,Dallas,San Antonio,DAL,SAS,Amazon,6:00 PM ET,Michael Grady,Jim Jackson
KXNBAMENTION-26FEB07GSWLAL,2026-02-07,Golden State,LA Lakers,GSW,LAL,ABC,8:30 PM ET,Mike Breen,Richard Jefferson
KXNBAMENTION-26FEB07HOUOKC,2026-02-07,Houston,Oklahoma City,HOU,OKC,ABC,3:30 PM ET,Dave Pasch,Doris Burke
KXNBAMENTION-26FEB08NYKBOS,2026-02-08,New York,Boston,NYK,BOS,ABC,12:30 PM ET,Ryan Ruocco,PJ Carlesimo
KXNBAMENTION-26FEB08LACMIN,2026-02-08,LA Clippers,Minnesota,LAC,MIN,ESPN,3:00 PM ET,Mark Jones,Stephanie White
KXNBAMENTION-26FEB09MILORL,2026-02-09,Milwaukee,Orlando,MIL,ORL,Peacock / NBCSN,7:30 PM ET,Michael Grady,Grant Hill
KXNBAMENTION-26FEB09OKCLAL,2026-02-09,Oklahoma City,LA Lakers,OKC,LAL,Peacock / NBCSN,10:00 PM ET,Noah Eagle,Robbie Hummel
KXNBAMENTION-26FEB11NYKPHI,2026-02-11,New York,Philadelphia,NYK,PHI,ESPN,7:30 PM ET,Mike Breen,Richard Jefferson
KXNBAMENTION-26FEB11SASGSW,2026-02-11,San Antonio,Golden State,SAS,GSW,ESPN,10:00 PM ET,Dave Pasch,Doris Burke
KXNBAMENTION-26FEB12MILOKC,2026-02-12,Milwaukee,Oklahoma City,MIL,OKC,Amazon,7:30 PM ET,Michael Grady,Brent Barry
KXNBAMENTION-26FEB12DALLAL,2026-02-12,Dallas,LA Lakers,DAL,LAL,Amazon,10:00 PM ET,Ian Eagle,Stan Van Gundy
KXNBAMENTION-26FEB19DETNYK,2026-02-19,Detroit,New York,DET,NYK,Amazon,7:30 PM ET,Ian Eagle,Stan Van Gundy
KXNBAMENTION-26FEB19BOSGSW,2026-02-19,Boston,Golden State,BOS,GSW,Amazon,10:00 PM ET,Michael Grady,Brent Barry
KXNBAMENTION-26FEB20DALMIN,2026-02-20,Dallas,Minnesota,DAL,MIN,ESPN,7:30 PM ET,Mark Jones,Richard Jefferson
KXNBAMENTION-26FEB20LACLAL,2026-02-20,LA Clippers,LA Lakers,LAC,LAL,ESPN,10:00 PM ET,Dave Pasch,Doris Burke
KXNBAMENTION-26FEB21HOUNYK,2026-02-21,Houston,New York,HOU,NYK,ABC,8:30 PM ET,Mike Breen,Tim Legler
KXNBAMENTION-26FEB22CLEOKC,2026-02-22,Cleveland,Oklahoma City,CLE,OKC,ABC,1:00 PM ET,Ryan Ruocco,Richard Jefferson
KXNBAMENTION-26FEB22DENGSW,2026-02-22,Denver,Golden State,DEN,GSW,ABC,3:30 PM ET,Dave Pasch,Doris Burke
KXNBAMENTION-26FEB22BOSLAL,2026-02-22,Boston,LA Lakers,BOS,LAL,NBC,6:30 PM ET,Noah Eagle,Reggie Miller
KXNBAMENTION-26FEB23SASDET,2026-02-23,San Antonio,Detroit,SAS,DET,Peacock / NBCSN,7:00 PM ET,Michael Grady,Robbie Hummel
KXNBAMENTION-26FEB23UTAHOU,2026-02-23,Utah,Houston,UTA,HOU,Peacock / NBCSN,9:30 PM ET,John Michael,Grant Hill
KXNBAMENTION-26FEB24NYKCLE,2026-02-24,New York,Cleveland,NYK,CLE,Peacock / NBCSN,7:30 PM ET,Noah Eagle,Reggie Miller
KXNBAMENTION-26FEB24MINPOR,2026-02-24,Minnesota,Portland,MIN,POR,Peacock / NBCSN,10:00 PM ET,John Fanta,Jamal Crawford
KXNBAMENTION-26FEB25OKCDET,2026-02-25,Oklahoma City,Detroit,OKC,DET,ESPN,7:30 PM ET,Ryan Ruocco,Tim Legler
KXNBAMENTION-26FEB25BOSDEN,2026-02-25,Boston,Denver,BOS,DEN,ESPN,10:00 PM ET,Mark Jones,Jay Bilas
KXNBAMENTION-26FEB26HOUORL,2026-02-26,Houston,Orlando,HOU,ORL,Amazon,7:30 PM ET,Ian Eagle,Stan Van Gundy
KXNBAMENTION-26FEB26MINLAC,2026-02-26,Minnesota,LA Clippers,MIN,LAC,Amazon,10:00 PM ET,Michael Grady,Brent Barry
KXNBAMENTION-26FEB27CLEDET,2026-02-27,Cleveland,Detroit,CLE,DET,ESPN,7:00 PM ET,Ryan Ruocco,Tim Legler
KXNBAMENTION-26FEB27DENOKC,2026-02-27,Denver,Oklahoma City,DEN,OKC,ESPN,9:30 PM ET,Dave Pasch,Doris Burke
KXNBAMENTION-26FEB28HOUMIA,2026-02-28,Houston,Miami,HOU,MIA,Amazon,3:30 PM ET,Eric Collins,Dell Curry
KXNBAMENTION-26FEB28LALGSW,2026-02-28,LA Lakers,Golden State,LAL,GSW,ABC,8:30 PM ET,Mike Breen,Richard Jefferson
KXNBAMENTION-26MAR01SASNYK,2026-03-01,San Antonio,New York,SAS,NYK,ABC,1:00 PM ET,Ryan Ruocco,Michael Malone
KXNBAMENTION-26MAR01MINDEN,2026-03-01,Minnesota,Denver,MIN,DEN,ABC,3:30 PM ET,Dave Pasch,Doris Burke
KXNBAMENTION-26MAR01PHIBOS,2026-03-01,Philadelphia,Boston,PHI,BOS,NBC,8:00 PM ET,Mike Tirico,Jamal Crawford
KXNBAMENTION-26MAR02LACGSW,2026-03-02,LA Clippers,Golden State,LAC,GSW,Peacock / NBCSN,10:00 PM ET,Noah Eagle,Robbie Hummel
KXNBAMENTION-26MAR03SASPHI,2026-03-03,San Antonio,Philadelphia,SAS,PHI,NBC (🔴 on map)Peacock,7:30 PM ET,1990s throwback broadcast:Bob Costas,Doug Collins
KXNBAMENTION-26MAR03PHXSAC,2026-03-03,Phoenix,Sacramento,PHX,SAC,NBC (🔵 on map)Peacock,10:00 PM ET,Noah Eagle,Grant Hill
KXNBAMENTION-26MAR04OKCNYK,2026-03-04,Oklahoma City,New York,OKC,NYK,ESPN,7:00 PM ET,Mike Breen,Tim Legler
KXNBAMENTION-26MAR04ATLMIL,2026-03-04,Atlanta,Milwaukee,ATL,MIL,ESPN,9:30 PM ET,Ryan Ruocco,Jay Bilas
KXNBAMENTION-26MAR05GSWHOU,2026-03-05,Golden State,Houston,GSW,HOU,Amazon,7:30 PM ET,Michael Grady,Dwyane Wade
KXNBAMENTION-26MAR05LALDEN,2026-03-05,LA Lakers,Denver,LAL,DEN,Amazon,10:00 PM ET,Ian Eagle,Stan Van Gundy
KXNBAMENTION-26MAR06DALBOS,2026-03-06,Dallas,Boston,DAL,BOS,ESPN,7:00 PM ET,Mark Jones,Michael Malone
KXNBAMENTION-26MAR06LACSAS,2026-03-06,LA Clippers,San Antonio,LAC,SAS,ESPN,9:30 PM ET,Dave Pasch,Doris Burke
KXNBAMENTION-26MAR07ORLMIN,2026-03-07,Orlando,Minnesota,ORL,MIN,Amazon,3:00 PM ET,Michael Grady,Stan Van Gundy
KXNBAMENTION-26MAR07GSWOKC,2026-03-07,Golden State,Oklahoma City,GSW,OKC,ABC,8:30 PM ET,Mark Jones,PJ Carlesimo
KXNBAMENTION-26MAR08BOSCLE,2026-03-08,Boston,Cleveland,BOS,CLE,ABC,12:00 PM ET,Mike Breen,Richard Jefferson
KXNBAMENTION-26MAR08NYKLAL,2026-03-08,New York,LA Lakers,NYK,LAL,ABC,2:30 PM ET,Dave Pasch,Doris Burke
KXNBAMENTION-26MAR08HOUSAS,2026-03-08,Houston,San Antonio,HOU,SAS,NBC,7:00 PM ET,Mike Tirico,Reggie Miller
KXNBAMENTION-26MAR08CHAPHX,2026-03-08,Charlotte,Phoenix,CHA,PHX,Peacock / NBCSN,9:00 PM ET,Kevin Ray,Jamal Crawford
KXNBAMENTION-26MAR09DENOKC,2026-03-09,Denver,Oklahoma City,DEN,OKC,Peacock / NBCSN,7:30 PM ET,Noah Eagle,Robbie Hummel
KXNBAMENTION-26MAR09NYKLAC,2026-03-09,New York,LA Clippers,NYK,LAC,Peacock / NBCSN,10:00 PM ET,Michael Grady,Grant Hill
KXNBAMENTION-26MAR10BOSSAS,2026-03-10,Boston,San Antonio,BOS,SAS,NBC (🔴 on map)Peacock,7:00 PM ET,Mike Tirico,Reggie Miller
KXNBAMENTION-26MAR10MINLAL,2026-03-10,Minnesota,LA Lakers,MIN,LAL,NBC (🔵 on map)Peacock,10:00 PM ET,Michael Grady,Grant Hill
KXNBAMENTION-26MAR11CLEORL,2026-03-11,Cleveland,Orlando,CLE,ORL,ESPN,7:30 PM ET,Dave Pasch,Doris Burke
KXNBAMENTION-26MAR11HOUDEN,2026-03-11,Houston,Denver,HOU,DEN,ESPN,10:00 PM ET,Ryan Ruocco,Richard Jefferson
KXNBAMENTION-26MAR12PHIDET,2026-03-12,Philadelphia,Detroit,PHI,DET,Amazon,7:00 PM ET,Eric Collins,Brent Barry
KXNBAMENTION-26MAR12BOSOKC,2026-03-12,Boston,Oklahoma City,BOS,OKC,Amazon,9:30 PM ET,Ian Eagle,Stan Van Gundy
KXNBAMENTION-26MAR13CLEDAL,2026-03-13,Cleveland,Dallas,CLE,DAL,Amazon,7:30 PM ET,Michael Grady,Brent Barry
KXNBAMENTION-26MAR13PHIGSW,2026-03-13,Philadelphia,Golden State,PHI,GSW,Amazon,10:00 PM ET,Kevin Harlan,Candace Parker
KXNBAMENTION-26MAR14CHASAS,2026-03-14,Charlotte,San Antonio,CHA,SAS,Amazon,3:30 PM ET,Eric Collins,Dell Curry
KXNBAMENTION-26MAR14DENLAL,2026-03-14,Denver,LA Lakers,DEN,LAL,ABC,8:30 PM ET,Mike Breen,Richard Jefferson
KXNBAMENTION-26MAR14SACLAC,2026-03-14,Sacramento,LA Clippers,SAC,LAC,ESPN,10:30 PM ET,Mark Jones,Michael Malone
KXNBAMENTION-26MAR15MINOKC,2026-03-15,Minnesota,Oklahoma City,MIN,OKC,ABC,1:00 PM ET,Dave Pasch,Doris Burke
KXNBAMENTION-26MAR15GSWNYK,2026-03-15,Golden State,New York,GSW,NYK,NBC,8:00 PM ET,Mike Tirico,Jamal Crawford
KXNBAMENTION-26MAR16LALHOU,2026-03-16,LA Lakers,Houston,LAL,HOU,Peacock / NBCSN,9:30 PM ET,Noah Eagle,Mike Fratello
KXNBAMENTION-26MAR16SASLAC,2026-03-16,San Antonio,LA Clippers,SAS,LAC,Peacock,10:00 PM ET,Mark Followill,Derek Fisher
KXNBAMENTION-26MAR16ORLATL,2026-03-16,Orlando,Atlanta,ORL,ATL,Peacock / NBCSN,7:00 PM ET,Michael Grady,Austin Rivers
KXNBAMENTION-26MAR17CLEMIL,2026-03-17,Cleveland,Milwaukee,CLE,MIL,NBC (🔴 on map)Peacock,8:00 PM ET,Michael Grady,Reggie Miller
KXNBAMENTION-26MAR17PHIDEN,2026-03-17,Philadelphia,Denver,PHI,DEN,NBC (🔵 on map)Peacock,10:00 PM ET,Terry Gannon,Derek Fisher
KXNBAMENTION-26MAR18GSWBOS,2026-03-18,Golden State,Boston,GSW,BOS,ESPN,7:00 PM ET,Dave Pasch,Doris Burke
KXNBAMENTION-26MAR18LALHOU,2026-03-18,LA Lakers,Houston,LAL,HOU,ESPN,9:30 PM ET,Mike Breen,Richard Jefferson
KXNBAMENTION-26MAR22MINBOS,2026-03-22,Minnesota,Boston,MIN,BOS,NBC,8:00 PM ET,Mike Tirico,Reggie Miller
KXNBAMENTION-26MAR23SASMIA,2026-03-23,San Antonio,Miami,SAS,MIA,Peacock / NBCSN,7:00 PM ET,Mike Tirico,Austin Rivers
KXNBAMENTION-26MAR23GSWDAL,2026-03-23,Golden State,Dallas,GSW,DAL,Peacock / NBCSN,9:30 PM ET,Michael Grady,Brad Daugherty
KXNBAMENTION-26MAR24ORLCLE,2026-03-24,Orlando,Cleveland,ORL,CLE,NBC (🔴 on map)Peacock,8:00 PM ET,Noah Eagle,Reggie Miller
KXNBAMENTION-26MAR24DENPHX,2026-03-24,Denver,Phoenix,DEN,PHX,NBC (🔵 on map)Peacock,11:00 PM ET,Terry Gannon,Derek Fisher
KXNBAMENTION-26MAR25ATLDET,2026-03-25,Atlanta,Detroit,ATL,DET,ESPN,7:00 PM ET,Mark Jones,Tim Legler
KXNBAMENTION-26MAR25HOUMIN,2026-03-25,Houston,Minnesota,HOU,MIN,ESPN,9:30 PM ET,Dave Pasch,Doris Burke
KXNBAMENTION-26MAR26NYKCHA,2026-03-26,New York,Charlotte,NYK,CHA,NBA TV,7:00 PM ET,John Fanta,Brendan Haywood
KXNBAMENTION-26MAR28SASMIL,2026-03-28,San Antonio,Milwaukee,SAS,MIL,Amazon,3:00 PM ET,Michael Grady,Brent Barry
KXNBAMENTION-26MAR28DETMIN,2026-03-28,Detroit,Minnesota,DET,MIN,ABC,5:30 PM ET,Dave Pasch,Tim Legler
KXNBAMENTION-26MAR29NYKOKC,2026-03-29,New York,Oklahoma City,NYK,OKC,NBC,7:30 PM ET,Mike Tirico,Reggie Miller
KXNBAMENTION-26MAR29GSWDEN,2026-03-29,Golden State,Denver,GSW,DEN,NBC,10:00 PM ET,Noah Eagle,Jamal Crawford
KXNBAMENTION-26MAR30PHIMIA,2026-03-30,Philadelphia,Miami,PHI,MIA,Peacock / NBCSN,7:00 PM ET,Mark Followill,Brian Scalabrine
KXNBAMENTION-26MAR30CHISAS,2026-03-30,Chicago,San Antonio,CHI,SAS,Peacock,8:00 PM ET,Terry Gannon,Mike Fratello
KXNBAMENTION-26MAR30DETOKC,2026-03-30,Detroit,Oklahoma City,DET,OKC,Peacock / NBCSN,9:30 PM ET,Michael Grady,Robbie Hummel
KXNBAMENTION-26MAR31NYKHOU,2026-03-31,New York,Houston,NYK,HOU,NBC (🔴 on map)Peacock,8:00 PM ET,Mike Tirico,Reggie Miller
KXNBAMENTION-26MAR31PORLAC,2026-03-31,Portland,LA Clippers,POR,LAC,NBC (🔵 on map)Peacock,11:00 PM ET,Noah Eagle,Derek Fisher
KXNBAMENTION-26APR01BOSMIA,2026-04-01,Boston,Miami,BOS,MIA,ESPN,7:30 PM ET,Dave Pasch,Doris Burke
KXNBAMENTION-26APR01SASGSW,2026-04-01,San Antonio,Golden State,SAS,GSW,ESPN,10:00 PM ET,Mike Breen,Richard Jefferson
KXNBAMENTION-26APR02MINDET,2026-04-02,Minnesota,Detroit,MIN,DET,Amazon,7:00 PM ET,Michael Grady,Brent Barry
KXNBAMENTION-26APR02LALOKC,2026-04-02,LA Lakers,Oklahoma City,LAL,OKC,Amazon,9:30 PM ET,Kevin Harlan,Stan Van Gundy
KXNBAMENTION-26APR04SASDEN,2026-04-04,San Antonio,Denver,SAS,DEN,Amazon,3:00 PM ET,Michael Grady,Stan Van Gundy
KXNBAMENTION-26APR05LALDAL,2026-04-05,LA Lakers,Dallas,LAL,DAL,NBC,7:30 PM ET,Mike Tirico,Jamal Crawford
KXNBAMENTION-26APR05HOUGSW,2026-04-05,Houston,Golden State,HOU,GSW,NBC,10:00 PM ET,Noah Eagle,Reggie Miller
KXNBAMENTION-26APR06NYKATL,2026-04-06,New York,Atlanta,NYK,ATL,Peacock / NBCSN,7:00 PM ET,Michael Grady,Jordan Cornette
KXNBAMENTION-26APR07CHABOS,2026-04-07,Charlotte,Boston,CHA,BOS,NBC (🔴 on map)Peacock,8:00 PM ET,Noah Eagle,Reggie Miller
KXNBAMENTION-26APR07HOUPHX,2026-04-07,Houston,Phoenix,HOU,PHX,NBC (🔵 on map)Peacock,11:00 PM ET,John Fanta,Derek Fisher
KXNBAMENTION-26APR08ATLCLE,2026-04-08,Atlanta,Cleveland,ATL,CLE,ESPN,7:00 PM ET,Dave Pasch,Doris Burke
KXNBAMENTION-26APR08PORSAS,2026-04-08,Portland,San Antonio,POR,SAS,ESPN,9:30 PM ET,Mike Breen,Richard Jefferson
KXNBAMENTION-26APR09BOSNYK,2026-04-09,Boston,New York,BOS,NYK,Amazon,7:30 PM ET,Ian Eagle,Stan Van Gundy
KXNBAMENTION-26APR09LALGSW,2026-04-09,LA Lakers,Golden State,LAL,GSW,Amazon,10:00 PM ET,Kevin Harlan,Jim Jackson
KXNBAMENTION-26APR10CLEATL,2026-04-10,Cleveland,Atlanta,CLE,ATL,Amazon,7:00 PM ET,Eric Collins,Dell Curry
KXNBAMENTION-26APR10MINHOU,2026-04-10,Minnesota,Houston,MIN,HOU,Amazon,9:30 PM ET,Michael Grady,Brent Barry
KXNBAMENTION-26APR12ORLBOS,2026-04-12,Orlando,Boston,ORL,BOS,ESPN,6:00 PM ET,Mark Jones,Doris Burke
KXNBAMENTION-26APR12DENSAS,2026-04-12,Denver,San Antonio,DEN,SAS,ESPN,8:30 PM ET,Dave Pasch,Tim Legler
KXNBAMENTION-26APR14MIACHA,2026-04-14,Miami,Charlotte,MIA,CHA,Amazon,7:30 PM ET,Ian Eagle,Stan Van Gundy
KXNBAMENTION-26APR14PORPHX,2026-04-14,Portland,Phoenix,POR,PHX,Amazon,10:00 PM ET,Kevin Harlan,Jim Jackson
KXNBAMENTION-26APR15ORLPHI,2026-04-15,Orlando,Philadelphia,ORL,PHI,Amazon,7:30 PM ET,Michael Grady,Brent Barry
KXNBAMENTION-26APR15GSWLAC,2026-04-15,Golden State,LA Clippers,GSW,LAC,Amazon,10:00 PM ET,Kevin Harlan,Candace Parker
KXNBAMENTION-26APR17CHAORL,2026-04-17,Charlotte,Orlando,CHA,ORL,Amazon,7:30 PM ET,Ian Eagle,Stan Van Gundy
KXNBAMENTION-26APR17GSWPHX,2026-04-17,Golden State,Phoenix,GSW,PHX,Amazon,10:00 PM ET,Michael Grady,Brent Barry
KXNBAMENTION-26APR18TORCLE,2026-04-18,Toronto,Cleveland,TOR,CLE,Amazon,1:00 PM ET,Eric Collins,Dell Curry
KXNBAMENTION-26APR18MINDEN,2026-04-18,Minnesota,Denver,MIN,DEN,Amazon,3:30 PM ET,Kevin Harlan,Candace Parker
KXNBAMENTION-26APR18ATLNYK,2026-04-18,Atlanta,New York,ATL,NYK,Amazon,6:00 PM ET,Ian Eagle,Stan Van Gundy
KXNBAMENTION-26APR18HOULAL,2026-04-18,Houston,LA Lakers,HOU,LAL,ABC,8:30 PM ET,Mike Breen,Richard Jefferson
KXNBAMENTION-26APR19PHIBOS,2026-04-19,Philadelphia,Boston,PHI,BOS,ABC,1:00 PM ET,Ryan Ruocco,Jay Bilas
KXNBAMENTION-26APR19PHXOKC,2026-04-19,Phoenix,Oklahoma City,PHX,OKC,ABC,3:30 PM ET,Dave Pasch,Doris Burke
KXNBAMENTION-26APR19ORLDET,2026-04-19,Orlando,Detroit,ORL,DET,NBC,6:30 PM ET,Noah Eagle,Grant Hill
KXNBAMENTION-26APR19PORSAS,2026-04-19,Portland,San Antonio,POR,SAS,NBC,9:00 PM ET,Mike Tirico,Reggie Miller
KXNBAMENTION-26APR20TORCLE,2026-04-20,Toronto,Cleveland,TOR,CLE,Peacock / NBCSN,7:00 PM ET,Mark Followill,Robbie Hummel
KXNBAMENTION-26APR20ATLNYK,2026-04-20,Atlanta,New York,ATL,NYK,NBC,8:00 PM ET,Noah Eagle,Jamal Crawford
KXNBAMENTION-26APR20MINDEN,2026-04-20,Minnesota,Denver,MIN,DEN,NBC,10:30 PM ET,Michael Grady,Brian Scalabrine
KXNBAMENTION-26APR21PHIBOS,2026-04-21,Philadelphia,Boston,PHI,BOS,Peacock / NBCSN,7:00 PM ET,Jason Benetti,Robbie Hummel
KXNBAMENTION-26APR21PORSAS,2026-04-21,Portland,San Antonio,POR,SAS,NBC,8:00 PM ET,Mike Tirico,Reggie Miller
KXNBAMENTION-26APR21HOULAL,2026-04-21,Houston,LA Lakers,HOU,LAL,NBC,10:30 PM ET,Terry Gannon,Jamal Crawford
KXNBAMENTION-26APR22ORLDET,2026-04-22,Orlando,Detroit,ORL,DET,ESPN,7:00 PM ET,Mike Breen,Richard Jefferson
KXNBAMENTION-26APR22PHXOKC,2026-04-22,Phoenix,Oklahoma City,PHX,OKC,ESPN,9:30 PM ET,Dave Pasch,Doris Burke
KXNBAMENTION-26APR23NYKATL,2026-04-23,New York,Atlanta,NYK,ATL,Amazon,7:00 PM ET,Ian Eagle,Stan Van Gundy
KXNBAMENTION-26APR23CLETOR,2026-04-23,Cleveland,Toronto,CLE,TOR,Amazon,8:00 PM ET,Michael Grady,Brent Barry
KXNBAMENTION-26APR23DENMIN,2026-04-23,Denver,Minnesota,DEN,MIN,Amazon,9:30 PM ET,Kevin Harlan,Candace Parker
KXNBAMENTION-26APR24BOSPHI,2026-04-24,Boston,Philadelphia,BOS,PHI,Amazon,7:00 PM ET,Eric Collins,Dell Curry
KXNBAMENTION-26APR24LALHOU,2026-04-24,LA Lakers,Houston,LAL,HOU,Amazon,8:00 PM ET,Ian Eagle,Stan Van Gundy
KXNBAMENTION-26APR24SASPOR,2026-04-24,San Antonio,Portland,SAS,POR,Amazon,10:30 PM ET,Kevin Harlan,Candace Parker
KXNBAMENTION-26APR25DETORL,2026-04-25,Detroit,Orlando,DET,ORL,Peacock / NBCSN,1:00 PM ET,Michael Grady,Austin Rivers
KXNBAMENTION-26APR25OKCPHX,2026-04-25,Oklahoma City,Phoenix,OKC,PHX,NBC,3:30 PM ET,Terry Gannon,Jamal Crawford
KXNBAMENTION-26APR25NYKATL,2026-04-25,New York,Atlanta,NYK,ATL,NBC,6:00 PM ET,Mike Tirico,Reggie Miller
KXNBAMENTION-26APR25DENMIN,2026-04-25,Denver,Minnesota,DEN,MIN,ABC,8:30 PM ET,Mike Breen,Richard Jefferson
KXNBAMENTION-26APR26CLETOR,2026-04-26,Cleveland,Toronto,CLE,TOR,ESPN,1:00 PM ET,Ryan Ruocco,Jay Bilas
KXNBAMENTION-26APR26SASPOR,2026-04-26,San Antonio,Portland,SAS,POR,ESPN,3:30 PM ET,Dave Pasch,Doris Burke
KXNBAMENTION-26APR26BOSPHI,2026-04-26,Boston,Philadelphia,BOS,PHI,NBC,7:00 PM ET,Mike Tirico,Reggie Miller
KXNBAMENTION-26APR26LALHOU,2026-04-26,LA Lakers,Houston,LAL,HOU,NBC,9:30 PM ET,Noah Eagle,Grant Hill
KXNBAMENTION-26APR27DETORL,2026-04-27,Detroit,Orlando,DET,ORL,NBC,8:00 PM ET,Michael Grady,Austin Rivers
KXNBAMENTION-26APR27OKCPHX,2026-04-27,Oklahoma City,Phoenix,OKC,PHX,Peacock / NBCSN,9:30 PM ET,Terry Gannon,Jamal Crawford
KXNBAMENTION-26APR27MINDEN,2026-04-27,Minnesota,Denver,MIN,DEN,NBC,10:30 PM ET,Noah Eagle,Grant Hill
KXNBAMENTION-26APR28PHIBOS,2026-04-28,Philadelphia,Boston,PHI,BOS,ESPN,7:00 PM ET,Mike Breen,Richard Jefferson
KXNBAMENTION-26APR28ATLNYK,2026-04-28,Atlanta,New York,ATL,NYK,NBC,8:00 PM ET,Mike Tirico,Reggie Miller
KXNBAMENTION-26APR28PORSAS,2026-04-28,Portland,San Antonio,POR,SAS,ESPN,9:30 PM ET,Dave Pasch,Doris Burke
KXNBAMENTION-26APR29ORLDET,2026-04-29,Orlando,Detroit,ORL,DET,Amazon,7:00 PM ET,Ian Eagle,Stan Van Gundy
KXNBAMENTION-26APR29TORCLE,2026-04-29,Toronto,Cleveland,TOR,CLE,ESPN,7:30 PM ET,Marc Kestecher,PJ Carlesimo
KXNBAMENTION-26APR29HOULAL,2026-04-29,Houston,LA Lakers,HOU,LAL,ESPN,10:00 PM ET,Ryan Ruocco,Jay Bilas
KXNBAMENTION-26APR30NYKATL,2026-04-30,New York,Atlanta,NYK,ATL,ESPN,7:00 PM ET,Mike Breen,Richard Jefferson
KXNBAMENTION-26APR30BOSPHI,2026-04-30,Boston,Philadelphia,BOS,PHI,Peacock / NBCSN,8:00 PM ET,Noah Eagle,Grant Hill
KXNBAMENTION-26APR30DENMIN,2026-04-30,Denver,Minnesota,DEN,MIN,ESPN,9:30 PM ET,Dave Pasch,Doris Burke
KXNBAMENTION-26MAY01DETORL,2026-05-01,Detroit,Orlando,DET,ORL,Amazon,7:00 PM ET,Kevin Harlan,Jim Jackson
KXNBAMENTION-26MAY01CLETOR,2026-05-01,Cleveland,Toronto,CLE,TOR,Amazon,7:30 PM ET,Michael Grady,Brent Barry
KXNBAMENTION-26MAY01LALHOU,2026-05-01,LA Lakers,Houston,LAL,HOU,Amazon,9:00 PM ET,Ian Eagle,Stan Van Gundy
KXNBAMENTION-26MAY02PHIBOS,2026-05-02,Philadelphia,Boston,PHI,BOS,NBC,7:30 PM ET,Noah Eagle,Reggie Miller
KXNBAMENTION-26MAY03ORLDET,2026-05-03,Orlando,Detroit,ORL,DET,ABC,3:30 PM ET,Mike Breen,Richard Jefferson
KXNBAMENTION-26MAY03TORCLE,2026-05-03,Toronto,Cleveland,TOR,CLE,NBC,7:30 PM ET,Mike Tirico,Reggie Miller
KXNBAMENTION-26MAY04PHINYK,2026-05-04,Philadelphia,New York,PHI,NYK,NBC,8:00 PM ET,Noah Eagle,Grant Hill
KXNBAMENTION-26MAY04MINSAS,2026-05-04,Minnesota,San Antonio,MIN,SAS,Peacock / NBCSN,9:30 PM ET,Terry Gannon,Jamal Crawford
KXNBAMENTION-26MAY05CLEDET,2026-05-05,Cleveland,Detroit,CLE,DET,Peacock / NBCSN,7:00 PM ET,Noah Eagle,Grant Hill
KXNBAMENTION-26MAY05LALOKC,2026-05-05,LA Lakers,Oklahoma City,LAL,OKC,NBC,8:30 PM ET,Mike Tirico,Reggie Miller
KXNBAMENTION-26MAY06PHINYK,2026-05-06,Philadelphia,New York,PHI,NYK,ESPN,7:00 PM ET,Mike Breen,Richard Jefferson
KXNBAMENTION-26MAY06MINSAS,2026-05-06,Minnesota,San Antonio,MIN,SAS,ESPN,9:30 PM ET,Dave Pasch,Doris Burke
KXNBAMENTION-26MAY07CLEDET,2026-05-07,Cleveland,Detroit,CLE,DET,Amazon,7:00 PM ET,Michael Grady,Brent Barry
KXNBAMENTION-26MAY07LALOKC,2026-05-07,LA Lakers,Oklahoma City,LAL,OKC,Amazon,9:30 PM ET,Ian Eagle,Stan Van Gundy
KXNBAMENTION-26MAY08NYKPHI,2026-05-08,New York,Philadelphia,NYK,PHI,Amazon,7:00 PM ET,Ian Eagle,Stan Van Gundy
KXNBAMENTION-26MAY08SASMIN,2026-05-08,San Antonio,Minnesota,SAS,MIN,Amazon,9:30 PM ET,Kevin Harlan,Dwyane Wade
KXNBAMENTION-26MAY09DETCLE,2026-05-09,Detroit,Cleveland,DET,CLE,NBC,3:00 PM ET,Noah Eagle,Grant Hill
KXNBAMENTION-26MAY09OKCLAL,2026-05-09,Oklahoma City,LA Lakers,OKC,LAL,ABC,8:30 PM ET,Dave Pasch,Doris Burke
KXNBAMENTION-26MAY10NYKPHI,2026-05-10,New York,Philadelphia,NYK,PHI,ABC,3:30 PM ET,Mike Breen,Tim Legler
KXNBAMENTION-26MAY10SASMIN,2026-05-10,San Antonio,Minnesota,SAS,MIN,NBC,7:30 PM ET,Mike Tirico,Reggie Miller
KXNBAMENTION-26MAY11DETCLE,2026-05-11,Detroit,Cleveland,DET,CLE,NBC,8:00 PM ET,Noah Eagle,Grant Hill
KXNBAMENTION-26MAY11OKCLAL,2026-05-11,Oklahoma City,LA Lakers,OKC,LAL,Amazon,10:30 PM ET,Kevin Harlan,Dwyane Wade
KXNBAMENTION-26MAY12MINSAS,2026-05-12,Minnesota,San Antonio,MIN,SAS,NBC,8:00 PM ET,Mike Tirico,Reggie Miller
KXNBAMENTION-26MAY13CLEDET,2026-05-13,Cleveland,Detroit,CLE,DET,ESPN,8:00 PM ET,Mike Breen,Tim Legler
KXNBAMENTION-26MAY15DETCLE,2026-05-15,Detroit,Cleveland,DET,CLE,Amazon,7:00 PM ET,Kevin Harlan,Dwyane Wade
KXNBAMENTION-26MAY15SASMIN,2026-05-15,San Antonio,Minnesota,SAS,MIN,Amazon,9:30 PM ET,Ian Eagle,Stan Van Gundy
KXNBAMENTION-26MAY17CLEDET,2026-05-17,Cleveland,Detroit,CLE,DET,Amazon,8:00 PM ET,Ian Eagle,Stan Van Gundy
KXNBAMENTION-26MAY18SASOKC,2026-05-18,San Antonio,Oklahoma City,SAS,OKC,NBC,8:30 PM ET,Mike Tirico,Reggie Miller
KXNBAMENTION-26MAY19CLENYK,2026-05-19,Cleveland,New York,CLE,NYK,ESPN,8:00 PM ET,Mike Breen,Richard Jefferson
KXNBAMENTION-26MAY20SASOKC,2026-05-20,San Antonio,Oklahoma City,SAS,OKC,NBC,8:30 PM ET,Mike Tirico,Reggie Miller
KXNBAMENTION-26MAY21CLENYK,2026-05-21,Cleveland,New York,CLE,NYK,ESPN,8:00 PM ET,Mike Breen,Richard Jefferson
KXNBAMENTION-26MAY22OKCSAS,2026-05-22,Oklahoma City,San Antonio,OKC,SAS,NBC,8:30 PM ET,Mike Tirico,Reggie Miller
KXNBAMENTION-26MAY23NYKCLE,2026-05-23,New York,Cleveland,NYK,CLE,ABC,8:00 PM ET,Mike Breen,Richard Jefferson
KXNBAMENTION-26MAY24OKCSAS,2026-05-24,Oklahoma City,San Antonio,OKC,SAS,NBC,8:00 PM ET,Mike Tirico,Reggie Miller
KXNBAMENTION-26MAY25NYKCLE,2026-05-25,New York,Cleveland,NYK,CLE,ESPN,8:00 PM ET,Mike Breen,Richard Jefferson
KXNBAMENTION-26MAY26SASOKC,2026-05-26,San Antonio,Oklahoma City,SAS,OKC,NBC,8:30 PM ET,Mike Tirico,Reggie Miller
KXNBAMENTION-26MAY28OKCSAS,2026-05-28,Oklahoma City,San Antonio,OKC,SAS,NBC,8:30 PM ET,Mike Tirico,Reggie Miller
KXNBAMENTION-26MAY30SASOKC,2026-05-30,San Antonio,Oklahoma City,SAS,OKC,NBC,8:00 PM ET,Mike Tirico,Reggie Miller
KXNBAMENTION-26JUN03NYKSAS,2026-06-03,New York,San Antonio,NYK,SAS,ABC,8:30 PM ET,Mike Breen,Richard Jefferson
KXNBAMENTION-26JUN05NYKSAS,2026-06-05,New York,San Antonio,NYK,SAS,ABC,8:30 PM ET,Mike Breen,Richard Jefferson
KXNBAMENTION-26JUN08SASNYK,2026-06-08,San Antonio,New York,SAS,NYK,ABC,8:30 PM ET,Mike Breen,Richard Jefferson
KXNBAMENTION-26JUN10SASNYK,2026-06-10,San Antonio,New York,SAS,NYK,ABC,8:30 PM ET,Mike Breen,Richard Jefferson
KXNBAMENTION-26JUN13NYKSAS,2026-06-13,New York,San Antonio,NYK,SAS,ABC,8:30 PM ET,Mike Breen,Richard Jefferson
KXNBAMENTION-26JUN16SASNYK,2026-06-16,San Antonio,New York,SAS,NYK,ABC,8:30 PM ET,Mike Breen,Richard Jefferson
KXNBAMENTION-26JUN19NYKSAS,2026-06-19,New York,San Antonio,NYK,SAS,ABC,8:30 PM ET,Mike Breen,Richard Jefferson
