date,timestamp,teams,home_team,away_team,competition,channel,match_id,match_url,main_commentator,co_commentator,co_commentators,analysts,presenters,reporters,all_commentators
2026-01-05 16:00,1767657600,New York Knicks @ Detroit Pistons,Detroit Pistons,New York Knicks,NBA Regular Season,"NBC Sports Network (NBCSN), Peacock (US) ($)",16264,https://basketball.icdb.tv/match/16264,Kate Scott,Grant Hill,Grant Hill,"Brad Daugherty, Isiah Thomas",Ahmed Fareed,Ashley ShahAhmadi,"Ahmed Fareed (Presenter), Kate Scott (Main Commentator), Grant Hill (Co-commentator), Brad Daugherty (Pundit), Isiah Thomas (Pundit), Ashley ShahAhmadi (Reporter)"
2025-12-04 16:00,1764892800,Golden State Warriors @ Philadelphia 76ers,Philadelphia 76ers,Golden State Warriors,NBA Regular Season,NBA TV (US),16113,https://basketball.icdb.tv/match/16113,Kate Scott,Alaa Abdelnaby,Alaa Abdelnaby,,,,"Kate Scott (Main Commentator), Alaa Abdelnaby (Co-commentator)"
2025-10-10 16:00,1760137200,Orlando Magic @ Philadelphia 76ers,Philadelphia 76ers,Orlando Magic,NBA Pre-Season,"NBC Sports Philadelphia, NBA TV (US)",15827,https://basketball.icdb.tv/match/15827,Kate Scott,Alaa Abdelnaby,Alaa Abdelnaby,,,,"Kate Scott (Main Commentator), Alaa Abdelnaby (Co-commentator)"
2025-01-06 16:00,1736208000,Phoenix Suns @ Philadelphia 76ers,Philadelphia 76ers,Phoenix Suns,NBA Regular Season,"NBC Sports Philadelphia, NBA TV (US), TNT Sports 1 HD UK, Discovery+ UK ($/geo/R)",13661,https://basketball.icdb.tv/match/13661,Kate Scott,Alaa Abdelnaby,Alaa Abdelnaby,,,Taryn Hatcher,"Kate Scott (Main Commentator), Alaa Abdelnaby (Co-commentator), Taryn Hatcher (Reporter)"
2025-01-01 19:00,1735786800,Philadelphia 76ers @ Sacramento Kings,Sacramento Kings,Philadelphia 76ers,NBA Regular Season,"NBA Global League Pass [$], NBC Sports Philadelphia",13547,https://basketball.icdb.tv/match/13547,Kyle Draper,Kayte Christensen-Hunter,"Kayte Christensen-Hunter, Alaa Abdelnaby",,,,"Kyle Draper (Main Commentator), Kayte Christensen-Hunter (Co-commentator), Kate Scott (Main Commentator), Alaa Abdelnaby (Co-commentator)"
2024-12-23 16:00,1734998400,San Antonio Spurs @ Philadelphia 76ers,Philadelphia 76ers,San Antonio Spurs,NBA Regular Season,"NBC Sports Philadelphia, TNT Sports 2 HD UK, Discovery+ UK ($/geo/R)",13386,https://basketball.icdb.tv/match/13386,Kate Scott,Alaa Abdelnaby,"Alaa Abdelnaby, Greg Anthony","Udonis Haslem, Channing Frye",Stephanie Ready,"Taryn Hatcher, Dennis Scott","Kate Scott (Main Commentator), Alaa Abdelnaby (Co-commentator), Taryn Hatcher (Reporter), Stephanie Ready (Presenter), Spero Dedes (Main Commentator), Greg Anthony (Co-commentator), Udonis Haslem (Pundit), Channing Frye (Pundit), Dennis Scott (Reporter)"
2024-12-21 17:00,1734829200,Philadelphia 76ers @ Cleveland Cavaliers,Cleveland Cavaliers,Philadelphia 76ers,NBA Regular Season,"NBA Global League Pass [$], NBC Sports Philadelphia Plus",13157,https://basketball.icdb.tv/match/13157,John Michael,Brad Daugherty,"Brad Daugherty, Alaa Abdelnaby",,,Serena Winters,"John Michael (Main Commentator), Brad Daugherty (Co-commentator), Serena Winters (Reporter), Kate Scott (Main Commentator), Alaa Abdelnaby (Co-commentator)"
2024-12-13 16:00,1734134400,Indiana Pacers @ Philadelphia 76ers,Philadelphia 76ers,Indiana Pacers,NBA Regular Season,"NBC Sports Philadelphia, TNT Sports 4 UK, Discovery+ UK ($/geo/R)",13241,https://basketball.icdb.tv/match/13241,Kate Scott,Alaa Abdelnaby,Alaa Abdelnaby,,,Taryn Hatcher,"Kate Scott (Main Commentator), Alaa Abdelnaby (Co-commentator), Taryn Hatcher (Reporter)"
2024-04-07 16:00,1712530800,Philadelphia 76ers @ San Antonio Spurs,San Antonio Spurs,Philadelphia 76ers,NBA Regular Season,"NBA App, NBC Sports Philadelphia",11266,https://basketball.icdb.tv/match/11266,Bill Land,Sean Elliott,"Sean Elliott, Alaa Abdelnaby",,,,"Bill Land (Main Commentator), Sean Elliott (Co-commentator), Kate Scott (Main Commentator), Alaa Abdelnaby (Co-commentator)"
2024-04-06 17:00,1712448000,Philadelphia 76ers @ Memphis Grizzlies,Memphis Grizzlies,Philadelphia 76ers,NBA Regular Season,"NBA App, NBC Sports Philadelphia Plus",10991,https://basketball.icdb.tv/match/10991,Pete Pranica,Brevin Knight,"Brevin Knight, Alaa Abdelnaby",,,,"Pete Pranica (Main Commentator), Brevin Knight (Co-commentator), Kate Scott (Main Commentator), Alaa Abdelnaby (Co-commentator)"
2024-04-04 16:30,1712273400,Philadelphia 76ers @ Miami Heat,Miami Heat,Philadelphia 76ers,NBA Regular Season,"NBA App, NBC Sports Philadelphia",10899,https://basketball.icdb.tv/match/10899,Eric Reid,John Crotty,"John Crotty, Alaa Abdelnaby",,,,"Eric Reid (Main Commentator), John Crotty (Co-commentator), Kate Scott (Main Commentator), Alaa Abdelnaby (Co-commentator)"
2024-03-31 15:00,1711922400,Philadelphia 76ers @ Toronto Raptors,Toronto Raptors,Philadelphia 76ers,NBA Regular Season,"NBA App, NBC Sports Philadelphia",10868,https://basketball.icdb.tv/match/10868,Matt Devlin,Jack Armstrong,"Jack Armstrong, Alaa Abdelnaby",,,,"Matt Devlin (Main Commentator), Kate Scott (Main Commentator), Jack Armstrong (Co-commentator), Alaa Abdelnaby (Co-commentator)"
2024-03-29 16:30,1711755000,Philadelphia 76ers @ Cleveland Cavaliers,Cleveland Cavaliers,Philadelphia 76ers,NBA Regular Season,"NBA App, NBC Sports Philadelphia",10680,https://basketball.icdb.tv/match/10680,John Michael,Austin Carr,"Austin Carr, Alaa Abdelnaby",,,,"John Michael (Main Commentator), Kate Scott (Main Commentator), Austin Carr (Co-commentator), Alaa Abdelnaby (Co-commentator)"
2024-02-03 15:00,1707001200,Brooklyn Nets @ Philadelphia 76ers,Philadelphia 76ers,Brooklyn Nets,NBA Regular Season,"TNT Sports 2 HD UK, Discovery+ UK ($/geo/R), NBC Sports Philadelphia",9977,https://basketball.icdb.tv/match/9977,Kate Scott,Alaa Abdelnaby,Alaa Abdelnaby,,,Taryn Hatcher,"Kate Scott (Main Commentator), Alaa Abdelnaby (Co-commentator), Taryn Hatcher (Reporter)"
2024-01-22 16:05,1705968300,San Antonio Spurs @ Philadelphia 76ers,Philadelphia 76ers,San Antonio Spurs,NBA Regular Season,NBC Sports Philadelphia,9759,https://basketball.icdb.tv/match/9759,Bill Land,Sean Elliott,"Sean Elliott, Brendan Haywood, Alaa Abdelnaby","Candace Parker, Jamal Crawford, Marc Jackson","Nabil Karim, Amy Fadool","Dennis Scott, Taryn Hatcher","Bill Land (Main Commentator), Sean Elliott (Co-commentator), Nabil Karim (Presenter), Spiro Dedes (Main Commentator), Brendan Haywood (Co-commentator), Candace Parker (Pundit), Jamal Crawford (Pundit), Dennis Scott (Reporter), Amy Fadool (Presenter), Kate Scott (Main Commentator), Alaa Abdelnaby (Co-commentator), Marc Jackson (Pundit), Taryn Hatcher (Reporter)"
2024-01-15 10:05,1705341900,Houston Rockets @ Philadelphia 76ers,Philadelphia 76ers,Houston Rockets,NBA Regular Season,"NBA TV (US), NBC Sports Philadelphia, TSN Canada 4 HD",9491,https://basketball.icdb.tv/match/9491,Kate Scott,Alaa Abdelnaby,Alaa Abdelnaby,"Steve Smith, Isiah Thomas, Marc Jackson","Jared Greenberg, Amy Fadool",Taryn Hatcher,"Jared Greenberg (Presenter), Kate Scott (Main Commentator), Alaa Abdelnaby (Co-commentator), Steve Smith (Pundit), Isiah Thomas (Pundit), Taryn Hatcher (Reporter), Amy Fadool (Presenter), Marc Jackson (Pundit)"
2024-01-06 16:35,1704587700,Utah Jazz @ Philadelphia 76ers,Philadelphia 76ers,Utah Jazz,NBA Regular Season,"NBA Global League Pass [$], NBC Sports Philadelphia, ESPN 2 (Caribbean)",9327,https://basketball.icdb.tv/match/9327,Kate Scott,Alaa Abdelnaby,"Alaa Abdelnaby, Thurl Bailey",,,,"Kate Scott (Main Commentator), Alaa Abdelnaby (Co-commentator), Craig Bolerjack (Main Commentator), Thurl Bailey (Co-commentator)"
2023-10-20 16:00,1697842800,Atlanta Hawks @ Philadelphia 76ers,Philadelphia 76ers,Atlanta Hawks,NBA Pre-Season,"NBA TV (US), NBC Sports Philadelphia",7743,https://basketball.icdb.tv/match/7743,Kate Scott,Alaa Abdelnaby,Alaa Abdelnaby,,,Taryn Hatcher,"Kate Scott (Main Commentator), Alaa Abdelnaby (Co-commentator), Taryn Hatcher (Reporter)"
2023-10-11 16:00,1697065200,Boston Celtics @ Philadelphia 76ers,Philadelphia 76ers,Boston Celtics,NBA Pre-Season,"NBC Sports Philadelphia, NBA TV (US), NBA TV Canada",7566,https://basketball.icdb.tv/match/7566,Kate Scott,Alaa Abdelnaby,"Alaa Abdelnaby, Brian Scalabrine",,,Taryn Hatcher,"Kate Scott (Main Commentator), Alaa Abdelnaby (Co-commentator), Taryn Hatcher (Reporter), Drew Carter (Main Commentator), Brian Scalabrine (Co-commentator)"
2023-01-02 16:00,1672704000,New Orleans Pelicans @ Philadelphia 76ers,Philadelphia 76ers,New Orleans Pelicans,NBA Regular Season,NBC Sports Philadelphia,3441,https://basketball.icdb.tv/match/3441,Kate Scott,Alaa Abdelnaby,Alaa Abdelnaby,"Jim Lynam, Marc Jackson",Amy Fadool,,"Amy Fadool (Presenter), Kate Scott (Main Commentator), Alaa Abdelnaby (Co-commentator), Jim Lynam (Pundit), Marc Jackson (Pundit)"
2022-10-28 16:30,1666999800,Philadelphia 76ers @ Toronto Raptors,Toronto Raptors,Philadelphia 76ers,NBA Regular Season,NBC Sports Philadelphia,2290,https://basketball.icdb.tv/match/2290,Kate Scott,Alaa Abdelnaby,"Alaa Abdelnaby, Alvin Williams",,,Savanna Hamilton,"Kate Scott (Main Commentator), Tom McGinnis (Main Commentator), Alaa Abdelnaby (Co-commentator), Matt Devlin (Main Commentator), Alvin Williams (Co-commentator), Savanna Hamilton (Reporter)"
2022-10-26 16:30,1666827000,Philadelphia 76ers @ Toronto Raptors,Toronto Raptors,Philadelphia 76ers,NBA Regular Season,NBC Sports Philadelphia,2267,https://basketball.icdb.tv/match/2267,Kate Scott,Alaa Abdelnaby,"Alaa Abdelnaby, Jack Armstrong","Kia Nurse, Leo Rautins",Kate Beirness,Kayla Grey,"Kate Scott (Main Commentator), Alaa Abdelnaby (Co-commentator), Kate Beirness (Presenter), Matt Devlin (Main Commentator), Jack Armstrong (Co-commentator), Kia Nurse (Pundit), Leo Rautins (Pundit), Kayla Grey (Reporter)"
2022-10-24 16:00,1666652400,Indiana Pacers @ Philadelphia 76ers,Philadelphia 76ers,Indiana Pacers,NBA Regular Season,NBC Sports Philadelphia,2387,https://basketball.icdb.tv/match/2387,Chris Denari,Quinn Buckner,"Quinn Buckner, Alaa Abdelnaby",,,Jeremiah Johnson,"Chris Denari (Main Commentator), Quinn Buckner (Co-commentator), Jeremiah Johnson (Reporter), Kate Scott (Main Commentator), Alaa Abdelnaby (Co-commentator)"
2022-10-22 15:00,1666476000,San Antonio Spurs @ Philadelphia 76ers,Philadelphia 76ers,San Antonio Spurs,NBA Regular Season,"NBC Sports Philadelphia, NBA TV (US)",2236,https://basketball.icdb.tv/match/2236,Bill Land,Sean Elliott,"Sean Elliott, Alaa Abdelnaby",,Dan Weiss,,"Dan Weiss (Presenter), Bill Land (Main Commentator), Sean Elliott (Co-commentator), Kate Scott (Main Commentator), Alaa Abdelnaby (Co-commentator)"
2022-04-28 16:00,1651186800,Philadelphia 76ers @ Toronto Raptors,Toronto Raptors,Philadelphia 76ers,NBA Regular Season,NBC Sports Philadelphia,1846,https://basketball.icdb.tv/match/1846,Gus Johnson,Greg Anthony,"Greg Anthony, Alaa Abdelnaby, Jack Armstrong","Jim Lynam, Marc Jackson, Sam Mitchell, Leo Rautins","Amy Fadool, Kate Beirness","Nabil Karim, Kayla Grey","Gus Johnson (Main Commentator), Greg Anthony (Co-commentator), Nabil Karim (Reporter), Amy Fadool (Presenter), Kate Scott (Main Commentator), Alaa Abdelnaby (Co-commentator), Jim Lynam (Pundit), Marc Jackson (Pundit), Kate Beirness (Presenter), Matt Devlin (Main Commentator), Jack Armstrong (Co-commentator), Sam Mitchell (Pundit), Leo Rautins (Pundit), Kayla Grey (Reporter)"
2022-04-25 17:00,1650931200,Toronto Raptors @ Philadelphia 76ers,Philadelphia 76ers,Toronto Raptors,NBA Regular Season,NBC Sports Philadelphia,1835,https://basketball.icdb.tv/match/1835,Kevin Calabro,Brendan Haywood,"Brendan Haywood, Alaa Abdelnaby, Alvin Williams","Jim Lynam, Marc Jackson",Amy Fadool,"Nabil Karim, Amy Audibert","Kevin Calabro (Main Commentator), Brendan Haywood (Co-commentator), Nabil Karim (Reporter), Amy Fadool (Presenter), Kate Scott (Main Commentator), Alaa Abdelnaby (Co-commentator), Jim Lynam (Pundit), Marc Jackson (Pundit), Matt Devlin (Main Commentator), Alvin Williams (Co-commentator), Amy Audibert (Reporter)"
2022-04-23 11:00,1650736800,Philadelphia 76ers @ Toronto Raptors,Toronto Raptors,Philadelphia 76ers,NBA Regular Season,NBC Sports Philadelphia,1814,https://basketball.icdb.tv/match/1814,Kate Scott,Alaa Abdelnaby,"Alaa Abdelnaby, Stan Van Gundy, Alvin Williams","Jim Lynam, Marc Jackson",Amy Fadool,"Nabil Karim, Amy Audibert","Amy Fadool (Presenter), Kate Scott (Main Commentator), Alaa Abdelnaby (Co-commentator), Jim Lynam (Pundit), Marc Jackson (Pundit), Brian Anderson (Main Commentator), Stan Van Gundy (Co-commentator), Nabil Karim (Reporter), Matt Devlin (Main Commentator), Alvin Williams (Co-commentator), Amy Audibert (Reporter)"
2022-04-20 17:00,1650499200,Philadelphia 76ers @ Toronto Raptors,Toronto Raptors,Philadelphia 76ers,NBA Regular Season,NBC Sports Philadelphia,1802,https://basketball.icdb.tv/match/1802,Kevin Calabro,Brendan Haywood,"Brendan Haywood, Alaa Abdelnaby, Alvin Williams","Jim Lynam, Marc Jackson",Amy Fadool,"Nabil Karim, Amy Audibert","Kevin Calabro (Main Commentator), Brendan Haywood (Co-commentator), Nabil Karim (Reporter), Amy Fadool (Presenter), Kate Scott (Main Commentator), Alaa Abdelnaby (Co-commentator), Jim Lynam (Pundit), Marc Jackson (Pundit), Matt Devlin (Main Commentator), Alvin Williams (Co-commentator), Amy Audibert (Reporter)"
2022-04-18 16:30,1650324600,Toronto Raptors @ Philadelphia 76ers,Philadelphia 76ers,Toronto Raptors,NBA Regular Season,NBC Sports Philadelphia,1791,https://basketball.icdb.tv/match/1791,Sean Kelley,Ros Gold-Onwude,"Ros Gold-Onwude, Alaa Abdelnaby, Greg Anthony, Jack Armstrong","Jim Lynam, Marc Jackson, Sam Mitchell, Leo Rautins","Amy Fadool, Kate Beirness","Nabil Karim, Kayla Grey","Sean Kelley (Main Commentator), Ros Gold-Onwude (Co-commentator), Amy Fadool (Presenter), Kate Scott (Main Commentator), Alaa Abdelnaby (Co-commentator), Jim Lynam (Pundit), Marc Jackson (Pundit), Gus Johnson (Main Commentator), Greg Anthony (Co-commentator), Nabil Karim (Reporter), Kate Beirness (Presenter), Matt Devlin (Main Commentator), Jack Armstrong (Co-commentator), Sam Mitchell (Pundit), Leo Rautins (Pundit), Kayla Grey (Reporter)"
2022-04-09 10:00,1649523600,Indiana Pacers @ Philadelphia 76ers,Philadelphia 76ers,Indiana Pacers,NBA Regular Season,NBC Sports Philadelphia,1758,https://basketball.icdb.tv/match/1758,Chris Denari,Quinn Buckner,"Quinn Buckner, Alaa Abdelnaby","Jim Lynam, Marc Jackson","Jeremiah Johnson, Amy Fadool",,"Jeremiah Johnson (Presenter), Chris Denari (Main Commentator), Quinn Buckner (Co-commentator), Amy Fadool (Presenter), Kate Scott (Main Commentator), Alaa Abdelnaby (Co-commentator), Jim Lynam (Pundit), Marc Jackson (Pundit)"
2022-04-07 16:30,1649374200,Philadelphia 76ers @ Toronto Raptors,Toronto Raptors,Philadelphia 76ers,NBA Regular Season,NBC Sports Philadelphia,1726,https://basketball.icdb.tv/match/1726,Kate Scott,Alaa Abdelnaby,"Alaa Abdelnaby, Alvin Williams","Jim Lynam, Marc Jackson",Amy Fadool,,"Amy Fadool (Presenter), Kate Scott (Main Commentator), Alaa Abdelnaby (Co-commentator), Jim Lynam (Pundit), Marc Jackson (Pundit), Matt Devlin (Main Commentator), Alvin Williams (Co-commentator)"
2022-04-05 16:00,1649199600,Philadelphia 76ers @ Indiana Pacers,Indiana Pacers,Philadelphia 76ers,NBA Regular Season,NBC Sports Philadelphia,1740,https://basketball.icdb.tv/match/1740,Chris Denari,Quinn Buckner,"Quinn Buckner, Alaa Abdelnaby","Eddie Gill, Jim Lynam, Marc Jackson","Jeremiah Johnson, Amy Fadool",Pat Boylan,"Jeremiah Johnson (Presenter), Chris Denari (Main Commentator), Quinn Buckner (Co-commentator), Eddie Gill (Pundit), Pat Boylan (Reporter), Amy Fadool (Presenter), Kate Scott (Main Commentator), Alaa Abdelnaby (Co-commentator), Jim Lynam (Pundit), Marc Jackson (Pundit)"
2022-04-03 15:00,1649023200,Philadelphia 76ers @ Cleveland Cavaliers,Cleveland Cavaliers,Philadelphia 76ers,NBA Regular Season,NBC Sports Philadelphia Plus,1700,https://basketball.icdb.tv/match/1700,John Michael,Austin Carr,"Austin Carr, Alaa Abdelnaby","Jim Lynam, Marc Jackson",Amy Fadool,Serena Winters,"John Michael (Main Commentator), Austin Carr (Co-commentator), Serena Winters (Reporter), Amy Fadool (Presenter), Kate Scott (Main Commentator), Alaa Abdelnaby (Co-commentator), Jim Lynam (Pundit), Marc Jackson (Pundit)"
2022-04-02 09:30,1648917000,Charlotte Hornets @ Philadelphia 76ers,Philadelphia 76ers,Charlotte Hornets,NBA Regular Season,NBC Sports Philadelphia,1692,https://basketball.icdb.tv/match/1692,Eric Collins,Dell Curry,"Dell Curry, Alaa Abdelnaby","Jim Lynam, Marc Jackson",Amy Fadool,Ashley ShahAhmadi,"Eric Collins (Main Commentator), Dell Curry (Co-commentator), Ashley ShahAhmadi (Reporter), Amy Fadool (Presenter), Kate Scott (Main Commentator), Alaa Abdelnaby (Co-commentator), Jim Lynam (Pundit), Marc Jackson (Pundit)"
2022-03-31 16:00,1648767600,Philadelphia 76ers @ Detroit Pistons,Detroit Pistons,Philadelphia 76ers,NBA Regular Season,NBC Sports Philadelphia,1674,https://basketball.icdb.tv/match/1674,Johnny Kane,Greg Kelser,"Greg Kelser, Alaa Abdelnaby","Tim McCormick, Jim Lynam, Marc Jackson","Mickey York, Amy Fadool",Justin Rose,"Mickey York (Presenter), Johnny Kane (Main Commentator), Greg Kelser (Co-commentator), Tim McCormick (Pundit), Justin Rose (Reporter), Amy Fadool (Presenter), Kate Scott (Main Commentator), Alaa Abdelnaby (Co-commentator), Jim Lynam (Pundit), Marc Jackson (Pundit)"
2022-03-29 16:30,1648596600,Milwaukee Bucks @ Philadelphia 76ers,Philadelphia 76ers,Milwaukee Bucks,NBA Regular Season,NBC Sports Philadelphia,1592,https://basketball.icdb.tv/match/1592,Lisa Byington,Marques Johnson,"Marques Johnson, Alaa Abdelnaby","Steve Novak, Jim Lynam, Marc Jackson","Dario Melendez, Amy Fadool",Zora Stephenson,"Dario Melendez (Presenter), Lisa Byington (Main Commentator), Marques Johnson (Co-commentator), Steve Novak (Pundit), Zora Stephenson (Reporter), Amy Fadool (Presenter), Kate Scott (Main Commentator), Alaa Abdelnaby (Co-commentator), Jim Lynam (Pundit), Marc Jackson (Pundit)"
2022-03-25 19:30,1648261800,Philadelphia 76ers @ Los Angeles Clippers,Los Angeles Clippers,Philadelphia 76ers,NBA Regular Season,NBC Sports Philadelphia Plus,1646,https://basketball.icdb.tv/match/1646,Brian Sieman,Mike Fratello,"Mike Fratello, Alaa Abdelnaby","Corey Maggette, Don MacLean, Jim Lynam, Marc Jackson","Jeanne Zelasko, Amy Fadool",Kristina Pink,"Jeanne Zelasko (Presenter), Brian Sieman (Main Commentator), Mike Fratello (Co-commentator), Corey Maggette (Pundit), Don MacLean (Pundit), Kristina Pink (Reporter), Amy Fadool (Presenter), Kate Scott (Main Commentator), Alaa Abdelnaby (Co-commentator), Jim Lynam (Pundit), Marc Jackson (Pundit)"
2022-03-20 17:30,1647822600,Toronto Raptors @ Philadelphia 76ers,Philadelphia 76ers,Toronto Raptors,NBA Regular Season,NBC Sports Philadelphia,1574,https://basketball.icdb.tv/match/1574,Kate Scott,Alaa Abdelnaby,"Alaa Abdelnaby, Alvin Williams","Jim Lynam, Marc Jackson",Amy Fadool,,"Amy Fadool (Presenter), Kate Scott (Main Commentator), Alaa Abdelnaby (Co-commentator), Jim Lynam (Pundit), Marc Jackson (Pundit), Matt Devlin (Main Commentator), Alvin Williams (Co-commentator)"
2022-03-18 16:00,1647644400,Dallas Mavericks @ Philadelphia 76ers,Philadelphia 76ers,Dallas Mavericks,NBA Regular Season,NBC Sports Philadelphia,1548,https://basketball.icdb.tv/match/1548,Mark Followill,Derek Harper,"Derek Harper, Alaa Abdelnaby","Brian Dameris, Devin Harris, Jim Lynam, Marc Jackson","Dana Larson, Amy Fadool",,"Dana Larson (Presenter), Mark Followill (Main Commentator), Derek Harper (Co-commentator), Brian Dameris (Pundit), Devin Harris (Pundit), Amy Fadool (Presenter), Kate Scott (Main Commentator), Alaa Abdelnaby (Co-commentator), Jim Lynam (Pundit), Marc Jackson (Pundit)"
2022-03-16 16:00,1647471600,Philadelphia 76ers @ Cleveland Cavaliers,Cleveland Cavaliers,Philadelphia 76ers,NBA Regular Season,NBC Sports Philadelphia,1529,https://basketball.icdb.tv/match/1529,John Michael,Austin Carr,"Austin Carr, Alaa Abdelnaby","Jim Lynam, Marc Jackson",Amy Fadool,Serena Winters,"John Michael (Main Commentator), Austin Carr (Co-commentator), Serena Winters (Reporter), Amy Fadool (Presenter), Kate Scott (Main Commentator), Alaa Abdelnaby (Co-commentator), Jim Lynam (Pundit), Marc Jackson (Pundit)"
2022-03-13 15:00,1647208800,Philadelphia 76ers @ Orlando Magic,Orlando Magic,Philadelphia 76ers,NBA Regular Season,NBC Sports Philadelphia Plus,1508,https://basketball.icdb.tv/match/1508,David Steele,Jeff Turner,"Jeff Turner, Alaa Abdelnaby","Jim Lynam, Marc Jackson",Amy Fadool,Dante Marchitelli,"David Steele (Main Commentator), Jeff Turner (Co-commentator), Dante Marchitelli (Reporter), Amy Fadool (Presenter), Kate Scott (Main Commentator), Alaa Abdelnaby (Co-commentator), Jim Lynam (Pundit), Marc Jackson (Pundit)"
2022-02-12 16:30,1644712200,Cleveland Cavaliers @ Philadelphia 76ers,Philadelphia 76ers,Cleveland Cavaliers,NBA Regular Season,NBC Sports Philadelphia,1281,https://basketball.icdb.tv/match/1281,John Michael,Austin Carr,"Austin Carr, Alaa Abdelnaby","Jim Lynam, Marc Jackson",Amy Fadool,Serena Winters,"John Michael (Main Commentator), Austin Carr (Co-commentator), Serena Winters (Reporter), Amy Fadool (Presenter), Kate Scott (Main Commentator), Alaa Abdelnaby (Co-commentator), Jim Lynam (Pundit), Marc Jackson (Pundit)"
2022-02-11 16:00,1644624000,Oklahoma City Thunder @ Philadelphia 76ers,Philadelphia 76ers,Oklahoma City Thunder,NBA Regular Season,NBC Sports Philadelphia,1291,https://basketball.icdb.tv/match/1291,Chris Fisher,Michael Cage,"Michael Cage, Alaa Abdelnaby",Nancy Lieberman,John Rhadigan,Nick Gallo,"John Rhadigan (Presenter), Chris Fisher (Main Commentator), Michael Cage (Co-commentator), Nancy Lieberman (Pundit), Nick Gallo (Reporter), Kate Scott (Main Commentator), Alaa Abdelnaby (Co-commentator)"
2022-02-08 16:00,1644364800,Phoenix Suns @ Philadelphia 76ers,Philadelphia 76ers,Phoenix Suns,NBA Regular Season,NBC Sports Philadelphia,1255,https://basketball.icdb.tv/match/1255,Kevin Ray,Eddie A. Johnson,"Eddie A. Johnson, Alaa Abdelnaby","Jim Lynam, Marc Jackson",Amy Fadool,,"Kevin Ray (Main Commentator), Eddie A. Johnson (Co-commentator), Amy Fadool (Presenter), Kate Scott (Main Commentator), Alaa Abdelnaby (Co-commentator), Jim Lynam (Pundit), Marc Jackson (Pundit)"
2022-02-06 12:30,1644179400,Philadelphia 76ers @ Chicago Bulls,Chicago Bulls,Philadelphia 76ers,NBA Regular Season,NBC Sports Philadelphia,1216,https://basketball.icdb.tv/match/1216,Adam Amin,Stacey King,"Stacey King, Alaa Abdelnaby","Jim Lynam, Marc Jackson",Amy Fadool,K.C. Johnson,"Adam Amin (Main Commentator), Stacey King (Co-commentator), K.C. Johnson (Reporter), Amy Fadool (Presenter), Kate Scott (Main Commentator), Alaa Abdelnaby (Co-commentator), Jim Lynam (Pundit), Marc Jackson (Pundit)"
2022-02-02 16:00,1643846400,Washington Wizards @ Philadelphia 76ers,Philadelphia 76ers,Washington Wizards,NBA Regular Season,NBC Sports Philadelphia,1188,https://basketball.icdb.tv/match/1188,Kate Scott,Alaa Abdelnaby,"Alaa Abdelnaby, Drew Gooden","Jim Lynam, Marc Jackson, Glenn Consor, Chris Miller","Amy Fadool, Wes Hall",,"Amy Fadool (Presenter), Kate Scott (Main Commentator), Alaa Abdelnaby (Co-commentator), Jim Lynam (Pundit), Marc Jackson (Pundit), Wes Hall (Presenter), Justin Kutcher (Main Commentator), Drew Gooden (Co-commentator), Glenn Consor (Pundit), Chris Miller (Pundit)"
2022-01-31 16:00,1643673600,Memphis Grizzlies @ Philadelphia 76ers,Philadelphia 76ers,Memphis Grizzlies,NBA Regular Season,NBC Sports Philadelphia,1144,https://basketball.icdb.tv/match/1144,Pete Pranica,Brevin Knight,"Brevin Knight, Alaa Abdelnaby","Jim Lynam, Marc Jackson",Amy Fadool,,"Pete Pranica (Main Commentator), Brevin Knight (Co-commentator), Amy Fadool (Presenter), Kate Scott (Main Commentator), Alaa Abdelnaby (Co-commentator), Jim Lynam (Pundit), Marc Jackson (Pundit)"
2022-01-29 16:30,1643502600,Sacramento Kings @ Philadelphia 76ers,Philadelphia 76ers,Sacramento Kings,NBA Regular Season,NBC Sports Philadelphia,1125,https://basketball.icdb.tv/match/1125,Mark Jones,Kayte Christensen-Hunter,"Kayte Christensen-Hunter, Alaa Abdelnaby","Kenny Thomas, Jim Lynam, Marc Jackson","Kyle Draper, Amy Fadool",,"Kyle Draper (Presenter), Mark Jones (Main Commentator), Kayte Christensen-Hunter (Co-commentator), Kenny Thomas (Pundit), Amy Fadool (Presenter), Kate Scott (Main Commentator), Alaa Abdelnaby (Co-commentator), Jim Lynam (Pundit), Marc Jackson (Pundit)"
2022-01-25 16:00,1643155200,New Orleans Pelicans @ Philadelphia 76ers,Philadelphia 76ers,New Orleans Pelicans,NBA Regular Season,NBC Sports Philadelphia,1066,https://basketball.icdb.tv/match/1066,Joel Meyers,Antonio Daniels,"Antonio Daniels, Alaa Abdelnaby","David Wesley, Jim Lynam, Marc Jackson","Erin Hartigan, Amy Fadool",,"Erin Hartigan (Presenter), Joel Meyers (Main Commentator), Antonio Daniels (Co-commentator), David Wesley (Pundit), Amy Fadool (Presenter), Kate Scott (Main Commentator), Alaa Abdelnaby (Co-commentator), Jim Lynam (Pundit), Marc Jackson (Pundit)"
2022-01-23 16:00,1642982400,Philadelphia 76ers @ San Antonio Spurs,San Antonio Spurs,Philadelphia 76ers,NBA Regular Season,NBC Sports Philadelphia,1059,https://basketball.icdb.tv/match/1059,Bill Land,Sean Elliott,"Sean Elliott, Alaa Abdelnaby",,Dan Weiss,,"Dan Weiss (Presenter), Bill Land (Main Commentator), Sean Elliott (Co-commentator), Kate Scott (Main Commentator), Alaa Abdelnaby (Co-commentator)"
2022-01-21 16:00,1642809600,Los Angeles Clippers @ Philadelphia 76ers,Philadelphia 76ers,Los Angeles Clippers,NBA Regular Season,NBC Sports Philadelphia,1030,https://basketball.icdb.tv/match/1030,Brian Sieman,Jim Jackson,"Jim Jackson, Alaa Abdelnaby","Don MacLean, Jim Lynam, Marc Jackson","Jeanne Zelasko, Amy Fadool",Jaime Maggio,"Jeanne Zelasko (Presenter), Brian Sieman (Main Commentator), Jim Jackson (Co-commentator), Don MacLean (Pundit), Jaime Maggio (Reporter), Amy Fadool (Presenter), Kate Scott (Main Commentator), Alaa Abdelnaby (Co-commentator), Jim Lynam (Pundit), Marc Jackson (Pundit)"
2022-01-19 16:00,1642636800,Orlando Magic @ Philadelphia 76ers,Philadelphia 76ers,Orlando Magic,NBA Regular Season,NBC Sports Philadelphia,1002,https://basketball.icdb.tv/match/1002,David Steele,Jeff Turner,"Jeff Turner, Alaa Abdelnaby","Jim Lynam, Marc Jackson",Amy Fadool,,"David Steele (Main Commentator), Jeff Turner (Co-commentator), Amy Fadool (Presenter), Kate Scott (Main Commentator), Alaa Abdelnaby (Co-commentator), Jim Lynam (Pundit), Marc Jackson (Pundit)"
2022-01-17 11:00,1642446000,Philadelphia 76ers @ Washington Wizards,Washington Wizards,Philadelphia 76ers,NBA Regular Season,NBC Sports Philadelphia,968,https://basketball.icdb.tv/match/968,Kate Scott,Alaa Abdelnaby,"Alaa Abdelnaby, Drew Gooden","Jim Lynam, Marc Jackson, Tony Massenburg","Amy Fadool, Wes Hall",Chris Miller,"Amy Fadool (Presenter), Kate Scott (Main Commentator), Alaa Abdelnaby (Co-commentator), Jim Lynam (Pundit), Marc Jackson (Pundit), Wes Hall (Presenter), Justin Kutcher (Main Commentator), Drew Gooden (Co-commentator), Tony Massenburg (Pundit), Chris Miller (Reporter)"
2022-01-15 17:00,1642294800,Philadelphia 76ers @ Miami Heat,Miami Heat,Philadelphia 76ers,NBA Regular Season,NBC Sports Philadelphia Plus,951,https://basketball.icdb.tv/match/951,Eric Reid,John Crotty,"John Crotty, Alaa Abdelnaby","Jim Lynam, Marc Jackson",Amy Fadool,Will Manso,"Eric Reid (Main Commentator), John Crotty (Co-commentator), Will Manso (Reporter), Amy Fadool (Presenter), Kate Scott (Main Commentator), Alaa Abdelnaby (Co-commentator), Jim Lynam (Pundit), Marc Jackson (Pundit)"
2022-01-14 16:30,1642206600,Boston Celtics @ Philadelphia 76ers,Philadelphia 76ers,Boston Celtics,NBA Regular Season,NBC Sports Philadelphia,941,https://basketball.icdb.tv/match/941,Mike Gorman,Brian Scalabrine,"Brian Scalabrine, Alaa Abdelnaby","Chris Forsberg, Jim Lynam, Marc Jackson","Amina Smith, Amy Fadool",,"Amina Smith (Presenter), Mike Gorman (Main Commentator), Brian Scalabrine (Co-commentator), Chris Forsberg (Pundit), Amy Fadool (Presenter), Kate Scott (Main Commentator), Alaa Abdelnaby (Co-commentator), Jim Lynam (Pundit), Marc Jackson (Pundit)"
2022-01-12 16:00,1642032000,Charlotte Hornets @ Philadelphia 76ers,Philadelphia 76ers,Charlotte Hornets,NBA Regular Season,NBC Sports Philadelphia,959,https://basketball.icdb.tv/match/959,Eric Collins,Dell Curry,"Dell Curry, Alaa Abdelnaby","Jim Lynam, Marc Jackson",Amy Fadool,Ashley ShahAhmadi,"Eric Collins (Main Commentator), Dell Curry (Co-commentator), Ashley ShahAhmadi (Reporter), Amy Fadool (Presenter), Kate Scott (Main Commentator), Alaa Abdelnaby (Co-commentator), Jim Lynam (Pundit), Marc Jackson (Pundit)"
2022-01-10 17:00,1641862800,Philadelphia 76ers @ Houston Rockets,Houston Rockets,Philadelphia 76ers,NBA Regular Season,NBC Sports Philadelphia Plus,900,https://basketball.icdb.tv/match/900,Craig Ackerman,Ryan Hollins,"Ryan Hollins, Alaa Abdelnaby","Calvin Murphy, Jim Lynam, Marc Jackson","Julia Morales, Amy Fadool",Cayleigh Griffin,"Julia Morales (Presenter), Craig Ackerman (Main Commentator), Ryan Hollins (Co-commentator), Calvin Murphy (Pundit), Cayleigh Griffin (Reporter), Amy Fadool (Presenter), Kate Scott (Main Commentator), Alaa Abdelnaby (Co-commentator), Jim Lynam (Pundit), Marc Jackson (Pundit)"
2022-01-07 16:00,1641600000,San Antonio Spurs @ Philadelphia 76ers,Philadelphia 76ers,San Antonio Spurs,NBA Regular Season,NBC Sports Philadelphia,858,https://basketball.icdb.tv/match/858,Bill Land,Sean Elliott,"Sean Elliott, Alaa Abdelnaby","Jim Lynam, Marc Jackson",Amy Fadool,,"Bill Land (Main Commentator), Sean Elliott (Co-commentator), Amy Fadool (Presenter), Kate Scott (Main Commentator), Alaa Abdelnaby (Co-commentator), Jim Lynam (Pundit), Marc Jackson (Pundit)"
2021-12-28 16:30,1640737800,Philadelphia 76ers @ Toronto Raptors,Toronto Raptors,Philadelphia 76ers,NBA Regular Season,NBC Sports Philadelphia,730,https://basketball.icdb.tv/match/730,Kate Scott,Marc Jackson,"Marc Jackson, Amy Audibert",,,,"Kate Scott (Main Commentator), Marc Jackson (Co-commentator), Matt Devlin (Main Commentator), Amy Audibert (Co-commentator)"
2021-12-26 15:00,1640559600,Philadelphia 76ers @ Washington Wizards,Washington Wizards,Philadelphia 76ers,NBA Regular Season,NBC Sports Philadelphia,702,https://basketball.icdb.tv/match/702,Kate Scott,Alaa Abdelnaby,"Alaa Abdelnaby, Drew Gooden","Marc Jackson, Tony Massenburg","Taryn Hatcher, Wes Hall",Chris Miller,"Taryn Hatcher (Presenter), Kate Scott (Main Commentator), Alaa Abdelnaby (Co-commentator), Marc Jackson (Pundit), Wes Hall (Presenter), Justin Kutcher (Main Commentator), Drew Gooden (Co-commentator), Tony Massenburg (Pundit), Chris Miller (Reporter)"
2021-12-23 16:00,1640304000,Atlanta Hawks @ Philadelphia 76ers,Philadelphia 76ers,Atlanta Hawks,NBA Regular Season,NBC Sports Philadelphia,715,https://basketball.icdb.tv/match/715,Lauren Jbara,Brian Oliver,"Brian Oliver, Alaa Abdelnaby",,Treavor Scales,,"Treavor Scales (Presenter), Lauren Jbara (Main Commentator), Brian Oliver (Co-commentator), Kate Scott (Main Commentator), Alaa Abdelnaby (Co-commentator)"
2021-12-20 16:30,1640046600,Philadelphia 76ers @ Boston Celtics,Boston Celtics,Philadelphia 76ers,NBA Regular Season,NBC Sports Philadelphia,592,https://basketball.icdb.tv/match/592,Mike Gorman,Brian Scalabrine,"Brian Scalabrine, Alaa Abdelnaby","Candace Parker, Isiah Thomas, Jim Lynam, Marc Jackson","Kristen Ledlow, Amy Fadool",,"Kristen Ledlow (Presenter), Mike Gorman (Main Commentator), Brian Scalabrine (Co-commentator), Candace Parker (Pundit), Isiah Thomas (Pundit), Amy Fadool (Presenter), Kate Scott (Main Commentator), Alaa Abdelnaby (Co-commentator), Jim Lynam (Pundit), Marc Jackson (Pundit)"
2021-12-16 16:30,1639701000,Philadelphia 76ers @ Brooklyn Nets,Brooklyn Nets,Philadelphia 76ers,NBA Regular Season,NBC Sports Philadelphia,546,https://basketball.icdb.tv/match/546,Kate Scott,Alaa Abdelnaby,"Alaa Abdelnaby, Sarah Kustok","Jim Lynam, Marc Jackson",Amy Fadool,Michael Grady,"Amy Fadool (Presenter), Kate Scott (Main Commentator), Alaa Abdelnaby (Co-commentator), Jim Lynam (Pundit), Marc Jackson (Pundit), Ian Eagle (Main Commentator), Sarah Kustok (Co-commentator), Michael Grady (Reporter)"
2021-12-15 16:00,1639612800,Miami Heat @ Philadelphia 76ers,Philadelphia 76ers,Miami Heat,NBA Regular Season,NBC Sports Philadelphia,708,https://basketball.icdb.tv/match/708,Eric Reid,John Crotty,"John Crotty, Alaa Abdelnaby","Ruth Riley Hunter, Jim Lynam, Marc Jackson","Will Manso, Amy Fadool",,"Will Manso (Presenter), Eric Reid (Main Commentator), John Crotty (Co-commentator), Ruth Riley Hunter (Pundit), Amy Fadool (Presenter), Kate Scott (Main Commentator), Alaa Abdelnaby (Co-commentator), Jim Lynam (Pundit), Marc Jackson (Pundit)"
2021-12-13 17:00,1639443600,Philadelphia 76ers @ Memphis Grizzlies,Memphis Grizzlies,Philadelphia 76ers,NBA Regular Season,NBC Sports Philadelphia,623,https://basketball.icdb.tv/match/623,Pete Pranica,Brevin Knight,"Brevin Knight, Alaa Abdelnaby","Chris Vernon, Jim Lynam, Marc Jackson",Amy Fadool,Rob Fischer,"Pete Pranica (Main Commentator), Brevin Knight (Co-commentator), Chris Vernon (Pundit), Rob Fischer (Reporter), Amy Fadool (Presenter), Kate Scott (Main Commentator), Alaa Abdelnaby (Co-commentator), Jim Lynam (Pundit), Marc Jackson (Pundit)"
2021-12-09 16:00,1639094400,Utah Jazz @ Philadelphia 76ers,Philadelphia 76ers,Utah Jazz,NBA Regular Season,NBC Sports Philadelphia,581,https://basketball.icdb.tv/match/581,Craig Bolerjack,Thurl Bailey,"Thurl Bailey, Holly Rowe, Greg Anthony, Alaa Abdelnaby","Jim Lynam, Marc Jackson",Amy Fadool,Dennis Scott,"Craig Bolerjack (Main Commentator), Thurl Bailey (Co-commentator), Holly Rowe (Co-commentator), Spiro Dedes (Main Commentator), Greg Anthony (Co-commentator), Dennis Scott (Reporter), Amy Fadool (Presenter), Kate Scott (Main Commentator), Alaa Abdelnaby (Co-commentator), Jim Lynam (Pundit), Marc Jackson (Pundit)"
2021-12-08 16:00,1639008000,Philadelphia 76ers @ Charlotte Hornets,Charlotte Hornets,Philadelphia 76ers,NBA Regular Season,NBC Sports Philadelphia Plus,571,https://basketball.icdb.tv/match/571,Eric Collins,Dell Curry,"Dell Curry, Alaa Abdelnaby","Wes Bryant, Jim Lynam, Marc Jackson",Amy Fadool,Ashley ShahAhmadi,"Eric Collins (Main Commentator), Dell Curry (Co-commentator), Wes Bryant (Pundit), Ashley ShahAhmadi (Reporter), Amy Fadool (Presenter), Kate Scott (Main Commentator), Alaa Abdelnaby (Co-commentator), Jim Lynam (Pundit), Marc Jackson (Pundit)"
2021-12-06 16:00,1638835200,Philadelphia 76ers @ Charlotte Hornets,Charlotte Hornets,Philadelphia 76ers,NBA Regular Season,NBC Sports Philadelphia,552,https://basketball.icdb.tv/match/552,Eric Collins,Dell Curry,"Dell Curry, Alaa Abdelnaby","Wes Bryant, Jim Lynam, Marc Jackson",Amy Fadool,Ashley ShahAhmadi,"Eric Collins (Main Commentator), Dell Curry (Co-commentator), Wes Bryant (Pundit), Ashley ShahAhmadi (Reporter), Amy Fadool (Presenter), Kate Scott (Main Commentator), Alaa Abdelnaby (Co-commentator), Jim Lynam (Pundit), Marc Jackson (Pundit)"
2021-12-03 16:30,1638577800,Philadelphia 76ers @ Atlanta Hawks,Atlanta Hawks,Philadelphia 76ers,NBA Regular Season,NBC Sports Philadelphia,478,https://basketball.icdb.tv/match/478,Bob Rathbun,Dominique Wilkins,"Dominique Wilkins, Jeff Van Gundy, Alaa Abdelnaby","Stephen A. Smith, Michael Wilbon, Jalen Rose, Marc Jackson, Jim Lynam","Mike Greenberg, Amy Fadool",Cassidy Hubbarth,"Bob Rathbun (Main Commentator), Dominique Wilkins (Co-commentator), Mike Greenberg (Presenter), Beth Mowins (Main Commentator), Jeff Van Gundy (Co-commentator), Stephen A. Smith (Pundit), Michael Wilbon (Pundit), Jalen Rose (Pundit), Cassidy Hubbarth (Reporter), Amy Fadool (Presenter), Kate Scott (Main Commentator), Alaa Abdelnaby (Co-commentator), Marc Jackson (Pundit), Jim Lynam (Pundit)"
2021-12-01 16:30,1638405000,Philadelphia 76ers @ Boston Celtics,Boston Celtics,Philadelphia 76ers,NBA Regular Season,NBC Sports Philadelphia,447,https://basketball.icdb.tv/match/447,Mike Gorman,Brian Scalabrine,"Brian Scalabrine, Alaa Abdelnaby","Kendrick Perkins, Chris Forsberg, Jim Lynam, Marc Jackson","Amina Smith, Amy Fadool",Abby Chin,"Mike Gorman (Main Commentator), Brian Scalabrine (Co-commentator), Abby Chin (Reporter), Amina Smith (Presenter), Kendrick Perkins (Pundit), Chris Forsberg (Pundit), Amy Fadool (Presenter), Kate Scott (Main Commentator), Alaa Abdelnaby (Co-commentator), Jim Lynam (Pundit), Marc Jackson (Pundit)"
2021-11-29 16:00,1638230400,Orlando Magic @ Philadelphia 76ers,Philadelphia 76ers,Orlando Magic,NBA Regular Season,NBC Sports Philadelphia,450,https://basketball.icdb.tv/match/450,David Steele,Jeff Turner,"Jeff Turner, Alaa Abdelnaby","Quentin Richardson, Jim Lynam, Marc Jackson","Dante Marchitelli, Amy Fadool",,"Dante Marchitelli (Presenter), David Steele (Main Commentator), Jeff Turner (Co-commentator), Quentin Richardson (Pundit), Amy Fadool (Presenter), Kate Scott (Main Commentator), Alaa Abdelnaby (Co-commentator), Jim Lynam (Pundit), Marc Jackson (Pundit)"
2021-11-24 19:00,1637809200,Philadelphia 76ers @ Golden State Warriors,Golden State Warriors,Philadelphia 76ers,NBA Regular Season,NBC Sports Philadelphia Plus,328,https://basketball.icdb.tv/match/328,Bob Fitzgerald,Kelenna Azubuike,"Kelenna Azubuike, Alaa Abdelnaby","Dorell Wright, Festus Ezeli, Jim Lynam, Marc Jackson","Bonta Hill, Amy Fadool","Kerith Burke, Kendra Andrews, Monte Poole","Bonta Hill (Presenter), Bob Fitzgerald (Main Commentator), Kelenna Azubuike (Co-commentator), Dorell Wright (Pundit), Festus Ezeli (Pundit), Kerith Burke (Reporter), Kendra Andrews (Reporter), Monte Poole (Reporter), Amy Fadool (Presenter), Kate Scott (Main Commentator), Alaa Abdelnaby (Co-commentator), Jim Lynam (Pundit), Marc Jackson (Pundit)"
2021-11-22 19:00,1637636400,Philadelphia 76ers @ Sacramento Kings,Sacramento Kings,Philadelphia 76ers,NBA Regular Season,NBC Sports Philadelphia,394,https://basketball.icdb.tv/match/394,Mark Jones,Kayte Christensen-Hunter,"Kayte Christensen-Hunter, Alaa Abdelnaby","Isiah Thomas, Candace Parker, Matt Barnes, Jim Lynam, Marc Jackson","Kristen Ledlow, Kyle Draper, Amy Fadool",,"Kristen Ledlow (Presenter), Mark Jones (Main Commentator), Kayte Christensen-Hunter (Co-commentator), Isiah Thomas (Pundit), Candace Parker (Pundit), Kyle Draper (Presenter), Matt Barnes (Pundit), Amy Fadool (Presenter), Kate Scott (Main Commentator), Alaa Abdelnaby (Co-commentator), Jim Lynam (Pundit), Marc Jackson (Pundit)"
2021-11-18 18:00,1637287200,Philadelphia 76ers @ Denver Nuggets,Denver Nuggets,Philadelphia 76ers,NBA Regular Season,NBC Sports Philadelphia,264,https://basketball.icdb.tv/match/264,Chris Marlowe,Scott Hastings,"Scott Hastings, Alaa Abdelnaby","Jim Lynam, Marc Jackson",Amy Fadool,Katy Winge,"Chris Marlowe (Main Commentator), Scott Hastings (Co-commentator), Katy Winge (Reporter), Amy Fadool (Presenter), Kate Scott (Main Commentator), Alaa Abdelnaby (Co-commentator), Jim Lynam (Pundit), Marc Jackson (Pundit)"
2021-11-11 16:00,1636675200,Toronto Raptors @ Philadelphia 76ers,Philadelphia 76ers,Toronto Raptors,NBA Regular Season,"NBA TV (US), NBC Sports Philadelphia, Sky Sports Arena UK HD",283,https://basketball.icdb.tv/match/283,Kate Scott,Alaa Abdelnaby,"Alaa Abdelnaby, Jack Armstrong","Greg Anthony, Brendan Haywood, Jim Lynam, Marc Jackson, Kia Nurse, Leo Rautins","Ro Parrish, Amy Fadool, Kate Beirness",Kayla Grey,"Ro Parrish (Presenter), Kate Scott (Main Commentator), Alaa Abdelnaby (Co-commentator), Greg Anthony (Pundit), Brendan Haywood (Pundit), Kayla Grey (Reporter), Amy Fadool (Presenter), Jim Lynam (Pundit), Marc Jackson (Pundit), Kate Beirness (Presenter), Matt Devlin (Main Commentator), Jack Armstrong (Co-commentator), Kia Nurse (Pundit), Leo Rautins (Pundit)"
2021-11-08 16:00,1636416000,New York Knicks @ Philadelphia 76ers,Philadelphia 76ers,New York Knicks,NBA Regular Season,NBC Sports Philadelphia,276,https://basketball.icdb.tv/match/276,Mike Breen,Walt Frazier,"Walt Frazier, Alaa Abdelnaby","Jim Lynam, Marc Jackson",Amy Fadool,Rebecca Haarlow,"Mike Breen (Main Commentator), Walt Frazier (Co-commentator), Rebecca Haarlow (Reporter), Amy Fadool (Presenter), Kate Scott (Main Commentator), Alaa Abdelnaby (Co-commentator), Jim Lynam (Pundit), Marc Jackson (Pundit)"
2021-11-04 16:00,1636066800,Philadelphia 76ers @ Detroit Pistons,Detroit Pistons,Philadelphia 76ers,NBA Regular Season,NBC Sports Philadelphia,160,https://basketball.icdb.tv/match/160,George Blaha,Greg Kelser,"Greg Kelser, Alaa Abdelnaby",,,Johnny Kane,"George Blaha (Main Commentator), Greg Kelser (Co-commentator), Johnny Kane (Reporter), Kate Scott (Main Commentator), Alaa Abdelnaby (Co-commentator)"
2021-11-03 16:00,1635980400,Chicago Bulls @ Philadelphia 76ers,Philadelphia 76ers,Chicago Bulls,NBA Regular Season,NBC Sports Philadelphia,153,https://basketball.icdb.tv/match/153,Adam Amin,Stacey King,"Stacey King, Alaa Abdelnaby",,,,"Adam Amin (Main Commentator), Stacey King (Co-commentator), Kate Scott (Main Commentator), Alaa Abdelnaby (Co-commentator)"
2021-11-01 16:00,1635807600,Portland Trail Blazers @ Philadelphia 76ers,Philadelphia 76ers,Portland Trail Blazers,NBA Regular Season,NBC Sports Philadelphia,140,https://basketball.icdb.tv/match/140,Kate Scott,Alaa Abdelnaby,"Alaa Abdelnaby, Lamar Hurd","Jim Lynam, Marc Jackson",Amy Fadool,Brooke Olzendam,"Amy Fadool (Presenter), Kate Scott (Main Commentator), Alaa Abdelnaby (Co-commentator), Jim Lynam (Pundit), Marc Jackson (Pundit), Kevin Calabro (Main Commentator), Lamar Hurd (Co-commentator), Brooke Olzendam (Reporter)"
2021-10-28 16:00,1635462000,Detroit Pistons @ Philadelphia 76ers,Philadelphia 76ers,Detroit Pistons,NBA Regular Season,"NBC Sports Philadelphia, Sky Sports Arena UK HD",96,https://basketball.icdb.tv/match/96,George Blaha,Greg Kelser,"Greg Kelser, Alaa Abdelnaby","Jim Lynam, Marc Jackson",Amy Fadool,Johnny Kane,"George Blaha (Main Commentator), Greg Kelser (Co-commentator), Johnny Kane (Reporter), Amy Fadool (Presenter), Kate Scott (Main Commentator), Alaa Abdelnaby (Co-commentator), Jim Lynam (Pundit), Marc Jackson (Pundit)"
2021-10-20 17:00,1634774400,Philadelphia 76ers @ New Orleans Pelicans,New Orleans Pelicans,Philadelphia 76ers,NBA Regular Season,NBC Sports Philadelphia,95,https://basketball.icdb.tv/match/95,Joel Meyers,Antonio Daniels,"Antonio Daniels, Alaa Abdelnaby","David Wesley, Jim Lynam, Marc Jackson","Erin Hartigan, Amy Fadool",Jennifer Hale,"Erin Hartigan (Presenter), Joel Meyers (Main Commentator), Antonio Daniels (Co-commentator), David Wesley (Pundit), Jennifer Hale (Reporter), Amy Fadool (Presenter), Kate Scott (Main Commentator), Alaa Abdelnaby (Co-commentator), Jim Lynam (Pundit), Marc Jackson (Pundit)"
2021-03-29 19:00,1617069600,Chicago Bulls @ Golden State Warriors,Golden State Warriors,Chicago Bulls,NBA Regular Season,"KGMZ-FM ""95.7 The Game""",82,https://basketball.icdb.tv/match/82,Kate Scott,Mary Murphy,Mary Murphy,,Kerith Burke,,"Kerith Burke (Presenter), Kate Scott (Main Commentator), Mary Murphy (Co-commentator)"
